MOVIE_NM,DRCTR_NM,MAKR_NM,DISTB_CMPNY_NM,OPN_DE,MOVIE_TY_NM,MOVIE_STLE_NM,NLTY_NM,TOT_SCRN_CO,SALES_PRICE,VIEWNG_NMPR_CO,SEOUL_SALES_PRICE,SEOUL_VIEWNG_NMPR_CO,GENRE_NM,GRAD_NM,MOVIE_SDIV_NM,CRITIC_RT,VIEWER_RT
산상수훈,유영의,(주)그란,"이언픽쳐스,(주)그란",20171207,개봉영화,장편,한국,71.0,3206000.0,284.0,3206000.0,284.0,드라마,전체관람가,독립/예술영화,3.0,6.3
교회오빠,이호경,"KBS,커넥트픽쳐스(주)",커넥트픽쳐스(주),20190516,개봉영화,장편,한국,200.0,1499000.0,154.0,1499000.0,154.0,다큐멘터리,전체관람가,독립/예술영화,5.59,9.31
기생충,봉준호,(주)바른손이앤에이,(주)씨제이이엔엠,20190530,개봉영화,장편,한국,1948.0,1575865450.0,227811.0,684991280.0,97354.0,드라마,15세이상관람가,일반영화,9.06,8.49
엑시트,이상근,"(주)외유내강,(주)필름케이",(주)씨제이이엔엠,20190731,개봉영화,장편,한국,1660.0,200000.0,40.0,,,코미디,12세이상관람가,일반영화,5.59,7.44
김복동,송원근,한국탐사저널리즘센터,(주)엣나인필름,20190808,개봉영화,장편,한국,366.0,770000.0,110.0,,,다큐멘터리,12세이상관람가,독립/예술영화,6.6,8.83
이타미 준의 바다,정다운,기린그림,(주)영화사 진진,20190815,개봉영화,장편,한국,57.0,865000.0,144.0,865000.0,144.0,다큐멘터리,전체관람가,독립/예술영화,6.5,8.96
벌새,김보라,에피파니(주),"(주)엣나인필름,(주)콘텐츠판다",20190829,개봉영화,장편,한국,145.0,22672400.0,2721.0,18210500.0,2082.0,드라마,15세이상관람가,독립/예술영화,5.59,7.44
메기,이옥섭,"국가인권위원회,2X9HD","(주)엣나인필름,CGV아트하우스",20190926,개봉영화,장편,한국,155.0,6143000.0,745.0,5394000.0,632.0,미스터리,15세이상관람가,독립/예술영화,6.83,8.15
북간도의 십자가,반태경,(재)CBS,"(재)CBS,주식회사 마운틴픽쳐스",20191017,개봉영화,장편,한국,123.0,385000.0,52.0,385000.0,52.0,다큐멘터리,전체관람가,독립/예술영화,5.59,7.9
82년생 김지영,김도영,(주)봄바람영화사,롯데컬처웍스(주)롯데엔터테인먼트,20191023,개봉영화,장편,한국,1486.0,7202000.0,863.0,1662000.0,189.0,드라마,12세이상관람가,일반영화,6.79,6.67
졸업,박주환,미디어나무,(주)시네마달,20191107,개봉영화,장편,한국,12.0,56000.0,16.0,,,다큐멘터리,12세이상관람가,독립/예술영화,5.59,8.33
블랙머니,정지영,"유한회사 질라라비,(주)아우라픽처스",(주)에이스메이커무비웍스,20191113,개봉영화,장편,한국,1117.0,3500000.0,700.0,2450000.0,490.0,범죄,12세이상관람가,일반영화,5.59,7.44
대통령의 7시간,이상호,(주)씨네포트,"(주)씨네포트,주식회사 마운틴픽쳐스",20191114,개봉영화,장편,한국,84.0,1992000.0,256.0,914000.0,108.0,다큐멘터리,12세이상관람가,독립/예술영화,5.59,6.0
삽질,김병기,ohmynews,(주)엣나인필름,20191114,개봉영화,장편,한국,171.0,2060000.0,294.0,1988000.0,284.0,다큐멘터리,12세이상관람가,독립/예술영화,6.0,6.43
윤희에게,임대형,영화사 달리기,(주)리틀빅픽쳐스,20191114,개봉영화,장편,한국,317.0,41753308.0,5224.0,28325808.0,3241.0,멜로/로맨스,12세이상관람가,독립/예술영화,6.71,8.96
어제 일은 모두 괜찮아,이성한,(주)부영엔터테인먼트,(주)삼백상회,20191121,개봉영화,장편,한국,87.0,4439000.0,1095.0,4439000.0,1095.0,드라마,15세이상관람가,독립/예술영화,4.0,8.79
헤로니모,전후석,커넥트픽쳐스(주),커넥트픽쳐스(주),20191121,개봉영화,장편,한국,68.0,5715000.0,842.0,1818000.0,218.0,다큐멘터리,전체관람가,독립/예술영화,6.33,9.46
카센타,하윤재,팔팔애비뉴(주),(주)트리플픽쳐스,20191127,개봉영화,장편,한국,138.0,1080000.0,180.0,,,범죄,15세이상관람가,독립/예술영화,7.0,7.23
녹차의 중력,정성일,영화사 키노(주),주식회사 마운틴픽쳐스,20191128,개봉영화,장편,한국,4.0,797500.0,102.0,570000.0,58.0,다큐멘터리,전체관람가,독립/예술영화,5.59,7.6
앵커,최정민,씨네마캣 픽쳐스,씨네마캣 픽쳐스,20191128,개봉영화,장편,한국,5.0,46000.0,17.0,,,드라마,15세이상관람가,독립/예술영화,5.5,7.08
우리를 갈라놓는 것들,임흥순,반달,(주)엣나인필름,20191128,개봉영화,장편,한국,15.0,233000.0,38.0,,,다큐멘터리,12세이상관람가,독립/예술영화,7.5,7.68
집 이야기,박제범,(주)영화사지음,CGV아트하우스,20191128,개봉영화,장편,한국,82.0,304500.0,45.0,109000.0,15.0,드라마,12세이상관람가,독립/예술영화,6.25,9.09
행동하는 양심 김대중,신상민,명량문화재단,주식회사 마운틴픽쳐스,20191128,개봉영화,장편,한국,86.0,1800000.0,200.0,1800000.0,200.0,다큐멘터리,12세이상관람가,독립/예술영화,5.67,3.34
감쪽같은 그녀,허인무,(주)지오필름,메가박스중앙(주)플러스엠,20191204,개봉영화,장편,한국,761.0,384000.0,52.0,,,드라마,전체관람가,일반영화,5.0,7.71
극장판 타오르지마 버스터-블랙어썰트의 귀환,조영광,(주)시너지미디어,(주)이수C&E,20191205,개봉영화,장편,한국,259.0,588000.0,98.0,,,코미디,전체관람가,독립/예술영화,5.59,9.56
이태원,강유가람,영희야 놀자,KT&G 상상마당 영화사업팀 컴퍼니에스에스(주),20191205,개봉영화,장편,한국,15.0,8247000.0,960.0,7481000.0,844.0,다큐멘터리,15세이상관람가,독립/예술영화,5.59,7.44
아내를 죽였다,김하라,단테미디어랩,케이티하이텔(주),20191211,개봉영화,장편,한국,556.0,29452000.0,5798.0,29261000.0,5765.0,스릴러,15세이상관람가,독립/예술영화,5.59,5.06
디아스포라의 노래 : 아리랑 로드,이규철,KBS 미디어,(주)드림팩트엔터테인먼트,20191212,개봉영화,장편,한국,7.0,4325000.0,863.0,20000.0,2.0,다큐멘터리,전체관람가,독립/예술영화,5.0,8.11
라스트 씬,박배일,오지필름,(주)시네마달,20191212,개봉영화,장편,한국,7.0,437000.0,68.0,99000.0,17.0,다큐멘터리,전체관람가,독립/예술영화,5.67,7.11
속물들,"신아가,이상철",영화사고래,(주)삼백상회,20191212,개봉영화,장편,한국,95.0,1161800.0,214.0,,,드라마,15세이상관람가,독립/예술영화,6.25,6.09
영화로운 나날,이상덕,콧수염필름즈,㈜인디스토리,20191212,개봉영화,장편,한국,17.0,3828500.0,493.0,3213000.0,387.0,멜로/로맨스,12세이상관람가,독립/예술영화,5.75,8.51
월성,"남태제,김성환",한국탐사저널리즘센터,(주)리틀빅픽쳐스,20191212,개봉영화,장편,한국,26.0,3003500.0,468.0,265000.0,36.0,다큐멘터리,전체관람가,독립/예술영화,4.67,6.25
시동,최정열,(주)외유내강,(주)넥스트엔터테인먼트월드(NEW),20191218,개봉영화,장편,한국,1515.0,6862456560.0,791052.0,1421008240.0,158887.0,드라마,15세이상관람가,일반영화,6.0,7.57
기억할 만한 지나침,박영임,순리필름,영화배급협동조합 씨네소파,20191219,개봉영화,장편,한국,2.0,1215000.0,187.0,591000.0,67.0,드라마,15세이상관람가,독립/예술영화,5.67,7.44
백두산,"이해준,김병서","주식회사 덱스터 픽쳐스,(주)퍼펙트스톰필름,(주)씨제이이엔엠","(주)씨제이이엔엠,(주)덱스터스튜디오",20191219,개봉영화,장편,한국,1971.0,16919576530.0,1962167.0,3590482780.0,406602.0,어드벤처,12세이상관람가,일반영화,5.67,5.74
신비아파트 극장판 하늘도깨비 대 요르문간드,변영규,(주)씨제이이엔엠,(주)씨제이이엔엠,20191219,개봉영화,장편,한국,841.0,1746167940.0,221099.0,216952340.0,25888.0,애니메이션,전체관람가,일반영화,6.0,8.54
탈출,이숭환,(주)케이알씨지,(주)케이알씨지,20191219,개봉영화,장편,한국,5.0,33000.0,33.0,1000.0,1.0,드라마,12세이상관람가,독립/예술영화,5.59,7.44
호흡,권만기,한국영화아카데미,(주)영화사 그램,20191219,개봉영화,장편,한국,22.0,1227000.0,246.0,549000.0,65.0,드라마,15세이상관람가,독립/예술영화,5.59,7.44
천문: 하늘에 묻는다,허진호,(주)하이브미디어코프,롯데컬처웍스(주)롯데엔터테인먼트,20191226,개봉영화,장편,한국,1198.0,8694300070.0,1034866.0,2190485310.0,260317.0,사극,12세이상관람가,일반영화,6.7,8.81
"센베노,평창",곽동철,더슛미디어,주식회사 씨엠닉스,20200101,개봉영화,장편,한국,1.0,261000.0,68.0,,,다큐멘터리,12세이상관람가,독립/예술영화,5.59,7.44
잊지 않았어요,박용철,청개구리필름,주식회사 씨엠닉스,20200101,개봉영화,장편,한국,1.0,260000.0,75.0,260000.0,75.0,기타,15세이상관람가,독립/예술영화,5.59,7.44
청춘빌라 살인사건,신해강,(주)메가폰엔터테인먼트,(주)미로스페이스,20200102,개봉영화,장편,한국,6.0,6714500.0,1068.0,2863500.0,337.0,코미디,15세이상관람가,독립/예술영화,5.33,6.81
몽마르트 파파,민병우,"웃음을 주는 영화,(주)해밀픽쳐스",(주)트리플픽쳐스,20200109,개봉영화,장편,한국,42.0,48610800.0,6580.0,24893800.0,3124.0,다큐멘터리,전체관람가,독립/예술영화,6.0,9.48
울지마 톤즈 2 : 슈크란 바바,강성옥,"KBS 미디어,(주)드림팩트엔터테인먼트,원피스",(주)영화특별시에스엠씨,20200109,개봉영화,장편,한국,232.0,144149940.0,19632.0,56050880.0,7366.0,다큐멘터리,전체관람가,독립/예술영화,4.0,9.44
해치지않아,손재곤,"(주)디씨지플러스,(주)어바웃필름",(주)에이스메이커무비웍스,20200115,개봉영화,장편,한국,1216.0,10154099090.0,1209689.0,2304920440.0,262944.0,코미디,12세이상관람가,일반영화,6.5,6.2
갱,조바른,"(주)스토리풀,(주)컨텐츠 빌리지,(주)모그픽쳐스",(주)삼백상회,20200116,개봉영화,장편,한국,53.0,15304640.0,9463.0,1922460.0,222.0,액션,15세이상관람가,독립/예술영화,6.0,6.02
엄마 바람피게하기,윤원규,주식회사 마운틴픽쳐스,주식회사 마운틴픽쳐스,20200116,개봉영화,장편,한국,5.0,237000.0,92.0,205000.0,75.0,코미디,12세이상관람가,독립/예술영화,5.59,5.59
남산의 부장들,우민호,(주)하이브미디어코프,(주)쇼박스,20200122,개봉영화,장편,한국,1659.0,41223596650.0,4750104.0,9851448590.0,1113402.0,드라마,15세이상관람가,일반영화,6.9,7.47
미스터 주: 사라진 VIP,김태윤,리양필름(주),"메가박스중앙(주)플러스엠,(주)리틀빅픽쳐스",20200122,개봉영화,장편,한국,692.0,5057108660.0,601675.0,985780260.0,115640.0,코미디,12세이상관람가,일반영화,4.5,4.57
히트맨,최원섭,베리굿스튜디오(주),롯데컬처웍스(주)롯데엔터테인먼트,20200122,개봉영화,장편,한국,1122.0,20614278000.0,2406232.0,4072414720.0,472840.0,코미디,15세이상관람가,일반영화,5.59,7.44
작은 빛,조민재,영화사 낭,(주)시네마달,20200123,개봉영화,장편,한국,21.0,15038960.0,1926.0,12428960.0,1427.0,드라마,12세이상관람가,독립/예술영화,8.67,7.26
성혜의 나라,정형석,닷 팩토리,아이 엠,20200130,개봉영화,장편,한국,28.0,14491980.0,1785.0,11110280.0,1275.0,드라마,12세이상관람가,독립/예술영화,6.0,7.41
핑크퐁 시네마 콘서트 : 우주대탐험,변희선,스마트스터디(주),스마트스터디(주),20200130,개봉영화,장편,한국,182.0,118488500.0,15229.0,28184000.0,3700.0,애니메이션,전체관람가,일반영화,5.59,8.81
창은,윤지혜,리슨픽처스,주식회사 씨엠닉스,20200201,개봉영화,장편,한국,1.0,261000.0,70.0,,,드라마,15세이상관람가,독립/예술영화,5.59,8.85
클로젯,김광빈,"(주)영화사 월광,(주)퍼펙트스톰필름",(주)씨제이이엔엠,20200205,개봉영화,장편,한국,1197.0,10920792280.0,1264970.0,2555663920.0,286754.0,미스터리,15세이상관람가,일반영화,5.5,6.39
극장판 미니특공대: 공룡왕 디노,이영준,(주)삼지애니메이션,(주)리틀빅픽쳐스,20200206,개봉영화,장편,한국,485.0,613273720.0,78929.0,84585600.0,10052.0,애니메이션,전체관람가,일반영화,5.0,8.76
정직한 후보,장유정,"(주)수필름,(주)홍필름",(주)넥스트엔터테인먼트월드(NEW),20200212,개봉영화,장편,한국,1187.0,12765456530.0,1525718.0,2843152830.0,331403.0,코미디,12세이상관람가,일반영화,5.75,5.99
혼 : 공포의 시작,유성호,영화사 딴판,(주)드림팩트엔터테인먼트,20200213,개봉영화,장편,한국,9.0,945000.0,131.0,251000.0,32.0,공포(호러),12세이상관람가,독립/예술영화,5.59,4.02
기도하는 남자,강동헌,"영화사 연,클리어마인드스튜디오(주)",(주)랠리버튼,20200220,개봉영화,장편,한국,34.0,13444920.0,1616.0,9145200.0,1067.0,드라마,15세이상관람가,독립/예술영화,6.0,8.3
기억의 전쟁,이길보라,영화사고래,(주)시네마달,20200227,개봉영화,장편,한국,14.0,15925340.0,1882.0,14002940.0,1571.0,다큐멘터리,12세이상관람가,독립/예술영화,6.5,7.48
장마,"이용남,음정현",영화사 무명,영화사 무명,20200227,개봉영화,장편,한국,1.0,12096000.0,1962.0,12079000.0,1945.0,다큐멘터리,전체관람가,독립/예술영화,5.59,9.44
찬실이는 복도 많지,김초희,"(주)지이프로덕션,(주)사이드미러",찬란,20200305,개봉영화,장편,한국,241.0,238095830.0,27672.0,150636530.0,16724.0,드라마,전체관람가,독립/예술영화,7.0,8.78
비행,조성빈,㈜ 써드아이비디오,"아이 엠,케이티하이텔(주)",20200319,개봉영화,장편,한국,128.0,28441440.0,3326.0,16686200.0,1881.0,드라마,15세이상관람가,독립/예술영화,5.8,7.3
산티아고의 흰 지팡이,이종은,제이리미디어,제이리미디어,20200319,개봉영화,장편,한국,21.0,7799460.0,1006.0,5792060.0,708.0,다큐멘터리,전체관람가,독립/예술영화,5.59,8.0
사랑하고 있습니까,김정권,(주)강철필름,주식회사 블루필름웍스,20200325,개봉영화,장편,한국,295.0,102673840.0,12878.0,33305780.0,4066.0,판타지,12세이상관람가,일반영화,3.5,4.71
아르코라이브 뮤지컬 안테모사,"이정민,오미선",한국문화예술위원회,(주)아이디어랩,20200325,개봉영화,장편,한국,16.0,12059500.0,1016.0,6405000.0,536.0,공연,전체관람가,일반영화,5.59,
이장,정승오,㈜인디스토리,㈜인디스토리,20200325,개봉영화,장편,한국,82.0,38933040.0,4878.0,21728940.0,2438.0,드라마,12세이상관람가,독립/예술영화,6.38,8.35
공수도,채여준,"(주)그노스,꿀잼컴퍼니(주)",(주)그노스,20200409,개봉영화,장편,한국,79.0,25089500.0,2950.0,7524500.0,930.0,액션,15세이상관람가,일반영화,5.59,8.75
꼴통 2인조,박준식,"(주)스토리풀,(주)컨텐츠 빌리지",(주)드림팩트엔터테인먼트,20200409,개봉영화,장편,한국,1.0,2000.0,1.0,,,액션,15세이상관람가,독립/예술영화,5.59,3.71
아르코 라이브 완창판소리프로젝트2 강산제수궁가,,한국문화예술위원회,한국문화예술위원회,20200414,개봉영화,장편,한국,7.0,917000.0,77.0,198000.0,17.0,공연,전체관람가,일반영화,5.59,
서치 아웃,곽정,(주)디엔와이,"(주)스톰픽쳐스코리아,(주)삼백상회",20200415,개봉영화,장편,한국,355.0,297167000.0,34115.0,64429740.0,7283.0,스릴러,15세이상관람가,독립/예술영화,4.0,4.02
유령선,김지영,(주)왝더독,(주)엣나인필름,20200415,개봉영화,장편,한국,165.0,181933920.0,20784.0,68207300.0,7684.0,다큐멘터리,12세이상관람가,독립/예술영화,6.0,6.16
설화,최형렬,(주)유비네트워크,(주)유비네트워크,20200416,개봉영화,장편,한국,4.0,743000.0,129.0,300000.0,60.0,스릴러,15세이상관람가,독립/예술영화,2.0,6.2
좀비파이터,임지환,스토리웨이브픽쳐스,(주)미로스페이스,20200416,개봉영화,장편,한국,5.0,1137000.0,136.0,801000.0,88.0,공포(호러),15세이상관람가,독립/예술영화,4.0,6.02
그녀의 비밀정원,김인식,(주)인디컴미디어,"(유)조이앤시네마,(주)제이앤씨미디어그룹",20200422,개봉영화,장편,한국,79.0,9966880.0,1254.0,2905860.0,375.0,드라마,15세이상관람가,독립/예술영화,4.25,2.77
대전 블루스,박철웅,"스토리텔러,알리스필름,붐필름,송영철 공작소",(주)마노엔터테인먼트,20200423,개봉영화,장편,한국,2.0,463000.0,79.0,,,드라마,15세이상관람가,독립/예술영화,3.0,3.82
바람의 언덕,박석영,영화사 삼순,영화사 삼순,20200423,개봉영화,장편,한국,28.0,12605900.0,1794.0,7511400.0,1079.0,드라마,전체관람가,독립/예술영화,6.17,8.36
호텔 레이크,윤은경,"(주)이에스픽쳐스,㈜인디스토리",(주)스마일이엔티,20200429,개봉영화,장편,한국,465.0,592223200.0,70019.0,116030900.0,13345.0,공포(호러),15세이상관람가,독립/예술영화,5.33,5.3
저 산 너머,최종태,리온픽쳐스(주),(주)리틀빅픽쳐스,20200430,개봉영화,장편,한국,468.0,772685300.0,103534.0,230447040.0,32623.0,드라마,12세이상관람가,일반영화,5.0,8.22
슈팅걸스,배효민,"새바엔터테인먼트,(주)아이언 스튜디오",(주)영화사오원,20200506,개봉영화,장편,한국,207.0,35823060.0,4587.0,7714740.0,913.0,드라마,12세이상관람가,독립/예술영화,4.5,5.78
아르코라이브 무용 히트 앤 런,,한국문화예술위원회,한국문화예술위원회,20200506,개봉영화,장편,한국,6.0,343000.0,49.0,203000.0,29.0,공연,전체관람가,일반영화,5.59,7.44
죽도 서핑 다이어리,이현승,스튜디오블루(주),(주)에스와이코마드,20200507,개봉영화,장편,한국,2.0,419000.0,125.0,259000.0,97.0,드라마,12세이상관람가,독립/예술영화,5.59,5.62
얼굴없는 보스: 못다한 이야기 감독판,임성용,(주)좋은 하늘,"(주)좋은 하늘,(주)박수엔터테인먼트",20200513,개봉영화,장편,한국,50.0,12157200.0,1662.0,2287840.0,332.0,범죄,15세이상관람가,일반영화,5.59,4.59
고양이 집사,이희섭,엠앤씨에프,㈜인디스토리,20200514,개봉영화,장편,한국,49.0,20472240.0,2399.0,11396820.0,1287.0,다큐멘터리,전체관람가,독립/예술영화,5.5,9.31
범털,강태호,(주)피터팬픽쳐스,(주)피터팬픽쳐스,20200514,개봉영화,장편,한국,48.0,14023560.0,1741.0,3009260.0,340.0,범죄,15세이상관람가,독립/예술영화,5.59,4.73
파도를 걷는 소년,최창환,(주)컬쳐플랫폼,매치컷(주),20200514,개봉영화,장편,한국,25.0,7954220.0,943.0,4837220.0,518.0,드라마,15세이상관람가,독립/예술영화,5.75,6.67
머피와 샐리의 법칙,김문옥,"시네마테크 충무로,스마일픽쳐스",에이 라이프,20200520,개봉영화,장편,한국,1.0,212000.0,106.0,212000.0,106.0,코미디,12세이상관람가,일반영화,5.59,9.5
아르코라이브 의자 고치는 여인,,한국문화예술위원회,(주)아이디어랩,20200520,개봉영화,장편,한국,6.0,1205500.0,102.0,1029500.0,86.0,공연,12세이상관람가,일반영화,5.59,7.44
나는보리,김진유,파도,(주)영화사 진진,20200521,개봉영화,장편,한국,158.0,83320360.0,11579.0,47516440.0,6321.0,가족,전체관람가,독립/예술영화,6.25,9.44
아홉 스님,윤성준,"(주)퍼스트런,우주레이블","(주)퍼스트런,(주)키다리이엔티",20200527,개봉영화,장편,한국,141.0,137625200.0,22330.0,70632000.0,13607.0,드라마,전체관람가,독립/예술영화,5.67,8.76
"안녕, 미누",지혜원,바른미디어,"영화사 풀,(주)영화사 친구",20200527,개봉영화,장편,한국,25.0,22966500.0,2850.0,16308000.0,2020.0,다큐멘터리,12세이상관람가,독립/예술영화,6.75,9.52
초미의 관심사,남연우,(주) 레진스튜디오,(주)트리플픽쳐스,20200527,개봉영화,장편,한국,380.0,128698360.0,16137.0,48236840.0,5682.0,드라마,15세이상관람가,독립/예술영화,6.0,7.41
런 보이 런,오원재,"(주)라온컴퍼니플러스,(주)오아시스이엔티",(주)라온컴퍼니플러스,20200528,개봉영화,장편,한국,25.0,20893740.0,2956.0,11386020.0,1536.0,드라마,15세이상관람가,일반영화,5.59,7.37
국도극장,전지희,명필름랩,명필름랩,20200529,개봉영화,장편,한국,7.0,2581000.0,337.0,1401000.0,171.0,드라마,12세이상관람가,독립/예술영화,6.33,8.5
국도극장: 감독판,전지희,명필름랩,명필름랩,20200529,개봉영화,장편,한국,1.0,9046000.0,1106.0,6305000.0,700.0,드라마,12세이상관람가,독립/예술영화,5.59,8.69
침입자,손원평,(주)비에이엔터테인먼트,(주)에이스메이커무비웍스,20200604,개봉영화,장편,한국,1365.0,4806314000.0,531212.0,1029368660.0,110923.0,미스터리,15세이상관람가,일반영화,5.59,7.44
프랑스여자,김희정,(주)인벤트스톤,"(주)디스테이션,롯데컬처웍스(주)롯데엔터테인먼트",20200604,개봉영화,장편,한국,244.0,129230400.0,18106.0,51825160.0,6765.0,드라마,15세이상관람가,독립/예술영화,6.67,7.52
결백,박상현,(주)이디오플랜,"소니픽쳐스엔터테인먼트코리아주식회사극장배급지점,(주)키다리이엔티",20200610,개봉영화,장편,한국,1112.0,7858099340.0,893855.0,1911700700.0,217456.0,드라마,15세이상관람가,일반영화,5.67,7.65
들리나요?,"김봉한,신승환",(주)영화사장춘,(주)트리플픽쳐스,20200610,개봉영화,장편,한국,103.0,35911140.0,3598.0,15187480.0,1570.0,다큐멘터리,전체관람가,독립/예술영화,5.5,9.07
아이즈 온 미 : 더 무비,박재석,씨제이포디플렉스 주식회사,씨제이포디플렉스 주식회사,20200610,개봉영화,장편,한국,124.0,506274000.0,39228.0,202248500.0,15630.0,공연,전체관람가,일반영화,5.59,9.34
바다로 가자,김량,ZONE Film,ZONE Film,20200618,개봉영화,장편,한국,15.0,8370500.0,1246.0,6458500.0,977.0,가족,전체관람가,독립/예술영화,6.2,8.14
사라진 시간,정진영,"(주)비에이엔터테인먼트,(주)다니필름",(주)에이스메이커무비웍스,20200618,개봉영화,장편,한국,874.0,1651188580.0,185653.0,388762580.0,43314.0,미스터리,15세이상관람가,일반영화,7.5,4.31
야구소녀,최윤태,한국영화아카데미,"(주)싸이더스,찬란",20200618,개봉영화,장편,한국,264.0,316405720.0,36986.0,177574260.0,19840.0,드라마,12세이상관람가,독립/예술영화,6.57,8.13
열혈형사,윤여창,굿픽처스,(주)제이앤씨미디어그룹,20200618,개봉영화,장편,한국,121.0,20539960.0,2492.0,7381000.0,850.0,코미디,12세이상관람가,일반영화,1.5,3.7
#살아있다,조일형,"영화사 집,(주)퍼스펙티브픽쳐스",롯데컬처웍스(주)롯데엔터테인먼트,20200624,개봉영화,장편,한국,1882.0,15965329900.0,1903703.0,3885303840.0,476332.0,드라마,15세이상관람가,일반영화,5.57,4.09
김일성의 아이들,김덕영,다큐스토리,다큐스토리,20200625,개봉영화,장편,한국,13.0,13076500.0,1667.0,9519500.0,1233.0,다큐멘터리,전체관람가,독립/예술영화,5.59,7.44
소리꾼,조정래,주식회사 제이오엔터테인먼트코리아,(주)리틀빅픽쳐스,20200701,개봉영화,장편,한국,573.0,642120680.0,79215.0,183695800.0,22306.0,사극,12세이상관람가,일반영화,5.0,8.45
"시, 나리오",김동원,썸머트리 주식회사,(주)노바이앤티,20200702,개봉영화,장편,한국,18.0,1928000.0,243.0,939500.0,104.0,드라마,15세이상관람가,독립/예술영화,4.5,4.61
욕창,심혜정,,필름다빈,20200702,개봉영화,장편,한국,17.0,10067580.0,1288.0,6470080.0,736.0,드라마,12세이상관람가,독립/예술영화,6.8,8.57
부활,구수환,(주)중헌홀딩스,(주)중헌홀딩스,20200709,개봉영화,장편,한국,83.0,112596500.0,14437.0,35630500.0,4343.0,다큐멘터리,전체관람가,일반영화,5.59,7.44
불량한 가족,장재일,(주)발자국 공장,"(주)스톰픽쳐스코리아,와이드 릴리즈(주)",20200709,개봉영화,장편,한국,161.0,41519940.0,4872.0,17410360.0,1889.0,코미디,12세이상관람가,독립/예술영화,2.5,8.06
테우리,이난,(주)26컴퍼니,(주)26컴퍼니,20200709,개봉영화,장편,한국,16.0,3505980.0,419.0,2894980.0,343.0,드라마,15세이상관람가,독립/예술영화,6.0,6.97
반도,연상호,(주)영화사레드피터,(주)넥스트엔터테인먼트월드(NEW),20200715,개봉영화,장편,한국,2575.0,33071341280.0,3812080.0,8005831840.0,895163.0,액션,15세이상관람가,일반영화,6.17,5.62
광주비디오: 사라진 4시간,이조훈,(주)훈프로,(주)인디플러그,20200716,개봉영화,장편,한국,70.0,19897980.0,2623.0,8339980.0,1036.0,다큐멘터리,12세이상관람가,독립/예술영화,6.25,4.51
깡패와소녀,방현준,비에이치제이시네마,비에이치제이시네마,20200722,개봉영화,장편,한국,1.0,212000.0,27.0,,,드라마,15세이상관람가,일반영화,5.59,7.12
프리즈너,양길영,영화사 인연,(주)박수엔터테인먼트,20200723,개봉영화,장편,한국,49.0,13642360.0,1681.0,4075480.0,490.0,액션,15세이상관람가,일반영화,2.5,2.98
강철비2: 정상회담,양우석,(주)스튜디오게니우스우정,롯데컬처웍스(주)롯데엔터테인먼트,20200729,개봉영화,장편,한국,2137.0,14655366110.0,1790797.0,3474597010.0,441770.0,드라마,15세이상관람가,일반영화,6.64,4.96
루비,박한진,(주)펠리스,주식회사 더쿱,20200730,개봉영화,장편,한국,12.0,3271900.0,381.0,2924400.0,330.0,드라마,12세이상관람가,독립/예술영화,5.59,7.44
어게인,조창열,(주)하늬바람,(주)에스와이코마드,20200730,개봉영화,장편,한국,22.0,8008500.0,1027.0,6292000.0,776.0,뮤지컬,12세이상관람가,독립/예술영화,5.59,7.44
카오산 탱고,김범삼,,(주)영화사 그램,20200730,개봉영화,장편,한국,45.0,30281860.0,3731.0,21987460.0,2483.0,드라마,12세이상관람가,독립/예술영화,3.8,6.92
소셜노마드,"마영민,이상묵",,주식회사 씨엠닉스,20200801,개봉영화,장편,한국,2.0,231000.0,56.0,114000.0,32.0,다큐멘터리,전체관람가,독립/예술영화,5.59,9.56
다만 악에서 구하소서,홍원찬,(주)하이브미디어코프,(주)씨제이이엔엠,20200805,개봉영화,장편,한국,1998.0,38554527990.0,4352669.0,8906277620.0,984042.0,범죄,15세이상관람가,일반영화,6.1,7.61
오케이 마담,이철하,"영화사올(주),(주)사나이픽처스",메가박스중앙(주)플러스엠,20200812,개봉영화,장편,한국,1288.0,10979887910.0,1228685.0,2163208200.0,238179.0,코미디,15세이상관람가,일반영화,6.13,6.29
어서오시게스트하우스,심요한,K'arts,(주)리틀빅픽쳐스,20200813,개봉영화,장편,한국,58.0,31441670.0,3573.0,21519000.0,2350.0,드라마,15세이상관람가,독립/예술영화,5.0,8.27
늙은 부부이야기: 스테이지 무비,신태연,예술의전당,예술의전당,20200819,개봉영화,장편,한국,16.0,4396500.0,432.0,2862000.0,303.0,공연,12세이상관람가,독립/예술영화,5.59,10.0
69세,임선애,(주)기린제작사,(주)엣나인필름,20200820,개봉영화,장편,한국,105.0,76642190.0,9511.0,51206820.0,6110.0,드라마,15세이상관람가,독립/예술영화,6.0,8.65
남매의 여름밤,윤단비,오누필름,그린나래미디어(주),20200820,개봉영화,장편,한국,133.0,175420602.0,21067.0,115782042.0,13367.0,드라마,전체관람가,독립/예술영화,7.83,8.97
동아시아반일무장전선,김미례,감 픽쳐스,아이 엠,20200820,개봉영화,장편,한국,23.0,7845500.0,992.0,6219000.0,755.0,다큐멘터리,15세이상관람가,독립/예술영화,6.0,7.78
여름날,오정석,오전필름,영화배급협동조합 씨네소파,20200820,개봉영화,장편,한국,12.0,5136480.0,663.0,3434480.0,403.0,드라마,전체관람가,독립/예술영화,5.59,7.44
태백권,최상훈,"(주)그노스,꿀잼컴퍼니(주)",(주)드림팩트엔터테인먼트,20200820,개봉영화,장편,한국,62.0,14307800.0,2018.0,6001000.0,950.0,코미디,15세이상관람가,일반영화,3.0,5.38
이별식당,임왕태,"(주)미스터로맨스,HATCH FILM ,서울예술대학","(주)에스와이코마드,아이 엠",20200827,개봉영화,장편,한국,24.0,5934740.0,754.0,3975900.0,488.0,뮤지컬,12세이상관람가,독립/예술영화,4.5,7.88
후쿠오카,장률,(주)률필름,"(주)률필름,㈜인디스토리",20200827,개봉영화,장편,한국,101.0,41546520.0,5064.0,23954070.0,2732.0,드라마,15세이상관람가,독립/예술영화,6.0,6.63
7월7일,손승현,필름소년,(주)이놀미디어,20200902,개봉영화,장편,한국,18.0,1846560.0,219.0,1283580.0,145.0,드라마,12세이상관람가,독립/예술영화,4.33,7.37
오! 문희,정세교,(주)빅스톤픽쳐스,CGV아트하우스,20200902,개봉영화,장편,한국,1110.0,2798758600.0,351162.0,591354210.0,73973.0,코미디,12세이상관람가,일반영화,4.5,8.01
카일라스 가는 길,정형민,빅트리,(주)영화사 진진,20200903,개봉영화,장편,한국,47.0,71290540.0,9389.0,33524330.0,4203.0,다큐멘터리,전체관람가,독립/예술영화,5.25,9.37
기기괴괴 성형수,조경훈,"(주)에스에스애니멘트 ,(주)스튜디오 애니멀",(주)트리플픽쳐스,20200909,개봉영화,장편,한국,276.0,871629560.0,103251.0,287238540.0,36203.0,공포(호러),15세이상관람가,독립/예술영화,6.6,6.94
나를 구하지 마세요,정연경,(주)아우라픽처스,(주)리틀빅픽쳐스,20200910,개봉영화,장편,한국,79.0,20403800.0,2334.0,10538220.0,1140.0,드라마,12세이상관람가,독립/예술영화,5.67,9.32
메피스토,김동후,㈜아라유니버스,(주)영화사 그램,20200910,개봉영화,장편,한국,30.0,4054900.0,502.0,2710900.0,324.0,드라마,15세이상관람가,독립/예술영화,4.0,7.25
이별의 목적,이건우,(주)한영씨앤텍,주식회사 블루필름웍스,20200910,개봉영화,장편,한국,15.0,1690470.0,214.0,997500.0,124.0,멜로/로맨스,12세이상관람가,독립/예술영화,5.0,7.04
공포체험라디오 4DX,서정희,"CGV ICECON,씨제이포디플렉스 주식회사","CGV ICECON,씨제이포디플렉스 주식회사",20200916,개봉영화,장편,한국,37.0,16604000.0,1794.0,6099500.0,650.0,공포(호러),15세이상관람가,일반영화,5.59,3.25
매지컬: 공주를 웃겨라,정윤철,애니투아트(주),(주)에이원엔터테인먼트,20200917,개봉영화,장편,한국,220.0,31809670.0,4077.0,5353060.0,642.0,애니메이션,전체관람가,일반영화,5.33,5.93
검객,최재훈,오퍼스픽쳐스(유),"(주)키위미디어그룹,오퍼스픽쳐스(유),(주)씨네필운",20200923,개봉영화,장편,한국,832.0,1619781870.0,190237.0,315861680.0,36965.0,액션,15세이상관람가,일반영화,4.5,7.91
구르는 수레바퀴,문정윤,아방가르드 필름,아방가르드 필름,20200923,개봉영화,장편,한국,4.0,8510000.0,1072.0,8419000.0,1060.0,가족,12세이상관람가,독립/예술영화,7.0,9.28
디바,조슬예,"영화사올(주),팔팔애비뉴(주)",메가박스중앙(주)플러스엠,20200923,개봉영화,장편,한국,831.0,901717350.0,108122.0,258175260.0,31164.0,스릴러,15세이상관람가,일반영화,5.59,7.44
다시 만난 날들,심찬양,(주)푸른나무픽쳐스,(주)영화사오원,20200924,개봉영화,장편,한국,105.0,37245780.0,4176.0,21955430.0,2284.0,뮤지컬,12세이상관람가,독립/예술영화,6.0,9.36
브레이크 더 사일런스: 더 무비,박준수,(주)하이브쓰리식스티,CGV ICECON,20200924,개봉영화,장편,한국,205.0,1160249000.0,131693.0,377329000.0,41301.0,다큐멘터리,전체관람가,일반영화,6.0,9.3
국제수사,김봉한,(주)영화사장춘,(주)쇼박스,20200929,개봉영화,장편,한국,1074.0,4496549760.0,537470.0,868003360.0,103185.0,코미디,15세이상관람가,일반영화,3.6,4.65
"그대, 고맙소 : 김호중 생애 첫 팬미팅 무비",,씨제이포디플렉스 주식회사,씨제이포디플렉스 주식회사,20200929,개봉영화,장편,한국,106.0,3129974000.0,102008.0,986730500.0,31301.0,공연,전체관람가,일반영화,5.59,9.43
담보,강대규,"(주)제이케이필름,(주)레드로버,(주)씨제이이엔엠,(주)영화사연",(주)씨제이이엔엠,20200929,개봉영화,장편,한국,1342.0,14749871550.0,1719706.0,2689581450.0,305921.0,드라마,12세이상관람가,일반영화,5.2,8.97
죽지않는 인간들의 밤,신정원,"(주)브라더픽쳐스,TCO(주)더콘텐츠온",TCO(주)더콘텐츠온,20200929,개봉영화,장편,한국,570.0,840217440.0,101616.0,234955440.0,27911.0,코미디,15세이상관람가,일반영화,5.75,6.42
극장판 미니특공대: 햄버거괴물의 습격,이영준,(주)삼지애니메이션,(주)리틀빅픽쳐스,20200930,개봉영화,장편,한국,414.0,465849080.0,57857.0,77247430.0,9126.0,애니메이션,전체관람가,일반영화,6.0,8.55
밥정,박혜령,(주)하얀소엔터테인먼트,(주)엣나인필름,20201007,개봉영화,장편,한국,182.0,123204940.0,15650.0,76969530.0,9458.0,다큐멘터리,전체관람가,독립/예술영화,7.0,9.6
마음 울적한 날엔,"한유원,강동완,김남석",,필름다빈,20201008,개봉영화,장편,한국,1.0,403000.0,44.0,370000.0,39.0,드라마,12세이상관람가,독립/예술영화,5.0,9.17
부활: 그 증거,김상철,파이오니아21,(주)영화사 진진,20201008,개봉영화,장편,한국,111.0,231971100.0,28534.0,45807200.0,5497.0,다큐멘터리,전체관람가,독립/예술영화,4.0,9.26
스윈들러,이동환,환필름,(주)이놀미디어,20201008,개봉영화,장편,한국,16.0,2634000.0,330.0,1654500.0,201.0,드라마,15세이상관람가,독립/예술영화,5.0,5.76
피원에이치 : 새로운 세계의 시작,창,"(주)에프엔씨스토리,(주)창픽쳐스",롯데컬처웍스(주)롯데엔터테인먼트,20201008,개봉영화,장편,한국,87.0,21109200.0,2284.0,12031200.0,1223.0,드라마,15세이상관람가,일반영화,5.0,5.29
나의이름,허동우,(주)뉴데이픽쳐스,시네마 뉴원,20201014,개봉영화,장편,한국,38.0,6997500.0,833.0,4819500.0,560.0,멜로/로맨스,12세이상관람가,독립/예술영화,5.0,7.34
돌멩이,김정식,(주)영화사테이크,(주)리틀빅픽쳐스,20201015,개봉영화,장편,한국,425.0,146373400.0,17632.0,53950130.0,6044.0,드라마,12세이상관람가,독립/예술영화,4.67,6.61
소리도 없이,홍의정,"(주)루이스 픽쳐스,(주)브로콜리픽쳐스",(주)에이스메이커무비웍스,20201015,개봉영화,장편,한국,1084.0,3558622900.0,403432.0,843075990.0,93396.0,범죄,15세이상관람가,일반영화,7.0,5.92
알피니스트 - 어느 카메라맨의 고백,"임일진,김민철",민치앤필름,민치앤필름,20201015,개봉영화,장편,한국,21.0,18762430.0,2316.0,11944030.0,1451.0,다큐멘터리,12세이상관람가,독립/예술영화,6.0,9.62
犬견 : 버려진 아이들,서하늘,바라봄엔터테인먼트,주식회사 씨엠닉스,20201018,개봉영화,장편,한국,1.0,996000.0,315.0,,,범죄,15세이상관람가,독립/예술영화,5.59,5.82
삼진그룹 영어토익반,이종필,더램프(주),롯데컬처웍스(주)롯데엔터테인먼트,20201021,개봉영화,장편,한국,1616.0,13981700470.0,1571336.0,3943279840.0,443980.0,드라마,12세이상관람가,일반영화,7.0,8.25
디어 마이 지니어스,구윤주,오엠지프로덕션,필름다빈,20201022,개봉영화,장편,한국,14.0,10582400.0,1807.0,4748900.0,711.0,다큐멘터리,전체관람가,독립/예술영화,6.33,9.56
미스터트롯: 더 무비,전수경,(주)영화사 그램,(주)영화사 그램,20201022,개봉영화,장편,한국,449.0,1288555100.0,150065.0,356326100.0,41283.0,공연,전체관람가,일반영화,5.0,8.84
종이꽃,고훈,"(주)로드픽쳐스,㈜스토리셋",(주)스튜디오 보난자,20201022,개봉영화,장편,한국,256.0,61388310.0,7323.0,23165270.0,2624.0,드라마,12세이상관람가,독립/예술영화,5.33,8.99
담쟁이,한제이,다이노(DIE NO),(주)트리플픽쳐스,20201028,개봉영화,장편,한국,93.0,33705130.0,4258.0,19435220.0,2347.0,가족,15세이상관람가,독립/예술영화,6.0,8.03
젊은이의 양지,신수원,(주)준필름,(주)리틀빅픽쳐스,20201028,개봉영화,장편,한국,108.0,44082770.0,5199.0,28739100.0,3315.0,드라마,15세이상관람가,독립/예술영화,5.43,7.97
황무지 5월의 고해,김태영,(주)인디컴,시네마 뉴원,20201028,개봉영화,장편,한국,39.0,10624500.0,1314.0,6788000.0,824.0,드라마,15세이상관람가,독립/예술영화,6.0,6.95
웰컴 투 X-월드,한태의,(주)시네마달,(주)시네마달,20201029,개봉영화,장편,한국,23.0,16522400.0,2064.0,12760900.0,1444.0,다큐멘터리,전체관람가,독립/예술영화,6.5,9.02
러브라인,"오두경,김성훈,권아영,정다이",주식회사 씨엠닉스,주식회사 씨엠닉스,20201101,개봉영화,장편,한국,1.0,221000.0,78.0,221000.0,78.0,기타,15세이상관람가,독립/예술영화,5.59,8.73
우리 안의 그들,"김태진,송원준,이진영",주식회사 씨엠닉스,주식회사 씨엠닉스,20201101,개봉영화,장편,한국,1.0,147000.0,61.0,147000.0,61.0,기타,12세이상관람가,독립/예술영화,5.59,8.33
도굴,박정배,(주)싸이런픽쳐스,(주)씨제이이엔엠,20201104,개봉영화,장편,한국,1635.0,13751660410.0,1522046.0,3195119960.0,351298.0,범죄,12세이상관람가,일반영화,5.0,7.24
앙상블,정형석,"닷 팩토리,전주 영상위원회","(주)스톰픽쳐스코리아,와이드 릴리즈(주)",20201105,개봉영화,장편,한국,52.0,10376610.0,1140.0,6412540.0,678.0,드라마,12세이상관람가,독립/예술영화,5.0,7.0
구직자들,황승재,주식회사인시즌,(주)이놀미디어,20201112,개봉영화,장편,한국,29.0,8404650.0,920.0,5921080.0,631.0,SF,전체관람가,독립/예술영화,4.0,7.16
내가 죽던 날,박지완,오스카10스튜디오,워너브러더스 코리아(주),20201112,개봉영화,장편,한국,909.0,2135396020.0,233112.0,549836600.0,58772.0,드라마,12세이상관람가,일반영화,6.5,8.01
애비규환,최하나,"(주)아토,(주)모토",(주)리틀빅픽쳐스,20201112,개봉영화,장편,한국,453.0,206423800.0,22680.0,95842940.0,9963.0,드라마,12세이상관람가,독립/예술영화,6.25,6.7
증발,김성민,미들,㈜인디스토리,20201112,개봉영화,장편,한국,35.0,28609300.0,3915.0,17327100.0,2147.0,다큐멘터리,전체관람가,독립/예술영화,5.59,7.44
봉쇄수도원 카르투시오,김동일,"KBS,커넥트픽쳐스(주),피엠픽쳐스",커넥트픽쳐스(주),20201119,개봉영화,장편,한국,125.0,40231710.0,4732.0,18232890.0,2074.0,다큐멘터리,전체관람가,독립/예술영화,6.5,9.41
추억의 검정고무신,송정율,(주)대교 미디어콘텐츠사업본부,(주)대교 미디어콘텐츠사업본부,20201119,개봉영화,장편,한국,215.0,156845100.0,19531.0,23854500.0,2665.0,애니메이션,전체관람가,독립/예술영화,5.0,5.76
이웃사촌,이환경,"(주)시네마허브,환타지엔터테인먼트","(주)리틀빅픽쳐스,(주)트리니티픽쳐스",20201125,개봉영화,장편,한국,1363.0,3648397960.0,424864.0,765632610.0,90138.0,드라마,12세이상관람가,일반영화,5.0,6.07
인플루언서,오영근,(주)인터오리진아이엔씨,(주)인터오리진아이엔씨,20201125,개봉영화,장편,한국,7.0,2292900.0,229.0,1739000.0,164.0,다큐멘터리,전체관람가,일반영화,5.59,7.44
에듀케이션,김덕중,"(주)타이거시네마,DGC",영화배급협동조합 씨네소파,20201126,개봉영화,장편,한국,23.0,7116670.0,836.0,5272470.0,569.0,드라마,12세이상관람가,독립/예술영화,7.0,6.57
잔칫날,김록경,스토리텔러 픽처스,(주)트리플픽쳐스,20201202,개봉영화,장편,한국,240.0,82051490.0,10648.0,30509320.0,4092.0,드라마,12세이상관람가,독립/예술영화,6.14,8.83
내언니전지현과 나,박윤진,,호우주의보,20201203,개봉영화,장편,한국,36.0,15918800.0,1836.0,11531030.0,1253.0,다큐멘터리,12세이상관람가,독립/예술영화,6.67,9.14
"이별유예, 일주일",김규현,(주)에스비에스미디어넷,(주)유어스토리블루,20201209,개봉영화,장편,한국,29.0,7586000.0,779.0,3386500.0,348.0,드라마,15세이상관람가,일반영화,5.59,8.64
겨울밤에,장우진,봄내필름,㈜인디스토리,20201210,개봉영화,장편,한국,49.0,10111970.0,1174.0,6463570.0,711.0,드라마,12세이상관람가,독립/예술영화,7.33,6.34
마지막 휴가,노거경,거경필름,(주)드림팩트엔터테인먼트,20201210,개봉영화,장편,한국,11.0,8849000.0,1075.0,5607000.0,701.0,기타,15세이상관람가,독립/예술영화,3.0,7.35
머리카락,이미해,스튜디오 파동,"목영이엔엠,(주)다자인소프트",20201210,개봉영화,장편,한국,12.0,2505670.0,279.0,1936070.0,204.0,다큐멘터리,전체관람가,독립/예술영화,4.75,8.3
스웨그,임성관,(주)퍼플스트로우필름,(주)영화사오원,20201210,개봉영화,장편,한국,118.0,25739180.0,2713.0,14410060.0,1497.0,드라마,15세이상관람가,독립/예술영화,4.0,9.23
조제,김종관,볼미디어(주),워너브러더스 코리아(주),20201210,개봉영화,장편,한국,1179.0,1673461570.0,186651.0,417134090.0,45870.0,멜로/로맨스,15세이상관람가,일반영화,5.71,6.58
뮤직 앤 리얼리티,"빅 포니,스티브 리",(주)보더리스필름,"(주)미로스페이스,(주)스튜디오 보난자",20201223,개봉영화,장편,한국,38.0,9197950.0,1059.0,6179680.0,692.0,드라마,12세이상관람가,독립/예술영화,5.0,9.39
미스터 보스,김형기,"(주)더 재미,대쉬 필름,강천산 픽쳐스","(주)스톰픽쳐스코리아,와이드 릴리즈(주)",20201230,개봉영화,장편,한국,226.0,14711600.0,1954.0,3874370.0,540.0,드라마,15세이상관람가,일반영화,3.67,5.63
선샤인 패밀리,김태식,필름라인,시네마 뉴원,20201231,개봉영화,장편,한국,26.0,1168100.0,133.0,842600.0,93.0,드라마,12세이상관람가,독립/예술영화,5.59,7.57
족벌 두 신문 이야기,"김용진,박중석",뉴스타파 필름,(주)엣나인필름,20210101,개봉영화,장편,한국,10.0,7879400.0,1030.0,5621400.0,686.0,다큐멘터리,12세이상관람가,독립/예술영화,5.5,8.84
천사는 바이러스,김성준,전주 영상위원회,주식회사 씨엠닉스,20210106,개봉영화,장편,한국,44.0,6115710.0,816.0,2404810.0,278.0,드라마,15세이상관람가,독립/예술영화,5.59,8.79
귀여운 남자,김정욱,(주)드림팩트엔터테인먼트,(주)드림팩트엔터테인먼트,20210114,개봉영화,장편,한국,41.0,4376470.0,546.0,1159370.0,136.0,코미디,15세이상관람가,독립/예술영화,5.59,5.42
사라센의 칼,임재영,대쉬 필름,(주)콘텐츠윙,20210114,개봉영화,장편,한국,14.0,3045000.0,348.0,2080900.0,217.0,드라마,15세이상관람가,독립/예술영화,3.0,8.94
요요현상,고두현,영화사 금요일,영화배급협동조합 씨네소파,20210114,개봉영화,장편,한국,27.0,7695840.0,804.0,5331640.0,516.0,다큐멘터리,전체관람가,독립/예술영화,6.75,9.04
"오늘, 우리 2","양재준,이나연,이준섭,여장천",필름다빈,필름다빈,20210121,개봉영화,장편,한국,14.0,2633200.0,317.0,2065200.0,234.0,드라마,12세이상관람가,독립/예술영화,5.5,8.0
크루아상,조성규,"(주)와우,(주)와이제이글로벌그룹",하준사,20210121,개봉영화,장편,한국,42.0,11463450.0,1221.0,7007310.0,736.0,드라마,12세이상관람가,독립/예술영화,3.33,9.18
큰엄마의 미친봉고,백승환,(주)백그림,(주)백그림,20210121,개봉영화,장편,한국,67.0,19344740.0,2802.0,7430910.0,1096.0,코미디,12세이상관람가,일반영화,6.0,6.03
세자매,이승원,(주)영화사 업,(주)리틀빅픽쳐스,20210127,개봉영화,장편,한국,569.0,354451240.0,42290.0,110117100.0,12825.0,드라마,15세이상관람가,독립/예술영화,6.8,8.69
토이 솔져스: 가짜사나이2 더 컴플리트,오윤동,씨제이포디플렉스 주식회사,씨제이포디플렉스 주식회사,20210127,개봉영화,장편,한국,155.0,75326300.0,7991.0,20692500.0,2126.0,다큐멘터리,15세이상관람가,일반영화,5.59,8.18
관계의 가나다에 있는 우리는,이인의,굿인스토리,(주)시네마달,20210128,개봉영화,장편,한국,39.0,17658070.0,2380.0,11724770.0,1499.0,드라마,전체관람가,독립/예술영화,5.5,8.3
나는 나를 해고하지 않는다,이태겸,"(주)홍시쥔,아트 윙",(주)영화사 진진,20210128,개봉영화,장편,한국,313.0,76303260.0,9660.0,35748040.0,4539.0,드라마,12세이상관람가,독립/예술영화,6.88,8.02
스트레스 제로,이대희,"(주)이대희 애니메이션스튜디오,(주)302플래닛",(주)트리플픽쳐스,20210203,개봉영화,장편,한국,157.0,65363700.0,8541.0,16812200.0,2298.0,애니메이션,전체관람가,독립/예술영화,5.6,8.45
이 안에 외계인이 있다,최은종,"조아필름,(주)와이제이글로벌그룹,파랑필름","(주)스톰픽쳐스코리아,와이드 릴리즈(주)",20210203,개봉영화,장편,한국,121.0,27116130.0,3068.0,10293650.0,1072.0,코미디,12세이상관람가,독립/예술영화,4.5,7.0
새해전야,홍지영,(주)수필름,(주)에이스메이커무비웍스,20210210,개봉영화,장편,한국,906.0,1552655580.0,168168.0,388147970.0,41828.0,멜로/로맨스,12세이상관람가,일반영화,5.67,6.98
아이,김현탁,"(주)엠씨엠씨,(주)무비락",롯데컬처웍스(주)롯데엔터테인먼트,20210210,개봉영화,장편,한국,504.0,294475020.0,37303.0,85061310.0,13701.0,드라마,15세이상관람가,일반영화,6.0,9.13
용루각2: 신들의 밤,최상훈,"(주)그노스,꿀잼컴퍼니(주)",(주)그노스,20210210,개봉영화,장편,한국,20.0,14561790.0,2435.0,7729180.0,1290.0,액션,15세이상관람가,일반영화,5.59,3.26
ARKO LIVE 뮤지컬 시데레우스,,(주)아이디어랩,(주)아이디어랩,20210211,개봉영화,장편,한국,14.0,44876500.0,2992.0,25288500.0,1686.0,뮤지컬,전체관람가,일반영화,5.59,7.44
송가인 더 드라마,"이태슬,김성윤",포켓돌스튜디오,(주)영화특별시에스엠씨,20210211,개봉영화,장편,한국,117.0,174023000.0,16100.0,50645000.0,4631.0,공연,전체관람가,일반영화,5.59,9.07
더블패티,백승환,(주)백그림,"케이티하이텔(주),판씨네마(주)",20210217,개봉영화,장편,한국,265.0,116010140.0,13341.0,43449410.0,4842.0,드라마,15세이상관람가,일반영화,5.0,6.76
미션 파서블,김형주,(주)노시스컴퍼니,(주)메리크리스마스,20210217,개봉영화,장편,한국,930.0,2989660480.0,331069.0,559680560.0,61672.0,코미디,15세이상관람가,일반영화,4.5,7.12
간이역,김정민,유한회사 간이역,(주)드림팩트엔터테인먼트,20210218,개봉영화,장편,한국,48.0,7385340.0,852.0,3262270.0,361.0,드라마,12세이상관람가,일반영화,3.5,7.2
빛과 철,배종대,"원테이크필름,영화사 새삶",찬란,20210218,개봉영화,장편,한국,161.0,68528150.0,8244.0,38640610.0,4445.0,드라마,12세이상관람가,독립/예술영화,6.83,7.96
고백,서은영,퍼레이드 픽쳐스,(주)리틀빅픽쳐스,20210224,개봉영화,장편,한국,255.0,142698000.0,20052.0,40747400.0,6196.0,드라마,15세이상관람가,독립/예술영화,5.5,6.19
아홉수 로맨스,"이새별,신효진",스토리웨이브픽쳐스,(주)스튜디오 보난자,20210224,개봉영화,장편,한국,24.0,5864680.0,608.0,4704000.0,492.0,멜로/로맨스,12세이상관람가,독립/예술영화,4.5,8.21
잃어버린 얼굴 1895,이지나,(재)서울예술단,(재)서울예술단,20210224,개봉영화,장편,한국,63.0,68572500.0,3771.0,30374000.0,1652.0,뮤지컬,전체관람가,일반영화,4.0,7.18
정브르의 동물일기,박동훈,(주)샌드박스네트워크,CGV ICECON,20210224,개봉영화,장편,한국,51.0,6640500.0,987.0,1980000.0,296.0,다큐멘터리,전체관람가,일반영화,5.59,8.5
"구라, 베토벤",봉수,(주)오씨네,목영이엔엠,20210225,개봉영화,장편,한국,11.0,15922400.0,2602.0,9727500.0,1569.0,기타,15세이상관람가,독립/예술영화,5.0,8.42
라이브 하드,황욱,키치스필름,(주)드림팩트엔터테인먼트,20210225,개봉영화,장편,한국,10.0,1445070.0,157.0,1274570.0,137.0,드라마,15세이상관람가,독립/예술영화,6.0,8.77
유공자,박상훈,이닥픽쳐스,M&M 인터내셔널,20210301,개봉영화,장편,한국,4.0,940000.0,287.0,629000.0,134.0,드라마,15세이상관람가,독립/예술영화,5.59,8.88
아르코 라이브 뮤지컬 호프,,한국문화예술위원회,(주)아이디어랩,20210303,개봉영화,장편,한국,10.0,90163000.0,4509.0,62358500.0,3118.0,공연,12세이상관람가,일반영화,5.59,7.44
UFO 스케치,김진욱,스튜디오8,(주)마노엔터테인먼트,20210304,개봉영화,장편,한국,10.0,2849500.0,404.0,1999000.0,264.0,다큐멘터리,전체관람가,독립/예술영화,7.0,9.23
멀리가지마라,박현용,"(주)파노라마이엔티,야경꾼",(주)영화사오원,20210304,개봉영화,장편,한국,34.0,7687500.0,1046.0,4210000.0,549.0,코미디,15세이상관람가,독립/예술영화,4.5,7.33
밤빛,김무영,보이드 스페이스,영화배급협동조합 씨네소파,20210304,개봉영화,장편,한국,31.0,6292110.0,772.0,3435910.0,375.0,드라마,전체관람가,독립/예술영화,6.0,7.69
인싸,이수성,"비케이 시네윈,㈜리필름","(주)액티버스엔터테인먼트,예지림엔터테인먼트",20210304,개봉영화,장편,한국,10.0,1007700.0,109.0,495500.0,49.0,액션,12세이상관람가,일반영화,5.59,4.42
그리고 방행자,손원경,주식회사 블루필름웍스,"주식회사 블루필름웍스,THE 픽쳐스",20210311,개봉영화,장편,한국,7.0,2856340.0,323.0,2622840.0,290.0,다큐멘터리,12세이상관람가,독립/예술영화,5.0,9.3
정말 먼 곳,박근영,봄내필름,그린나래미디어(주),20210318,개봉영화,장편,한국,204.0,70564880.0,8662.0,40593390.0,4818.0,드라마,12세이상관람가,독립/예술영화,7.14,7.99
파이터,윤재호,영화사 해그림 주식회사,㈜인디스토리,20210318,개봉영화,장편,한국,74.0,44138090.0,5796.0,24457750.0,3164.0,드라마,12세이상관람가,독립/예술영화,6.14,6.83
몬테크리스토: 더 뮤지컬 라이브,오윤동,씨제이포디플렉스 주식회사,"CGV ICECON,씨제이포디플렉스 주식회사",20210319,개봉영화,장편,한국,90.0,279817500.0,14528.0,120363000.0,6250.0,공연,12세이상관람가,일반영화,5.59,9.3
국카스텐 콘서트 실황 : 해프닝,,(주)인터파크,CGV ICECON,20210324,개봉영화,장편,한국,54.0,62325000.0,3485.0,34272000.0,1926.0,공연,전체관람가,일반영화,5.59,7.44
더 박스,양정웅,(주)영화사테이크,(주)씨네필운,20210324,개봉영화,장편,한국,372.0,747473730.0,93198.0,338352280.0,41533.0,드라마,12세이상관람가,독립/예술영화,5.59,7.44
최면,최재훈,(주)스마일이엔티,(주)스마일이엔티,20210324,개봉영화,장편,한국,506.0,399800610.0,44118.0,80783760.0,8773.0,공포(호러),15세이상관람가,독립/예술영화,3.5,4.84
출동! 시크릿 보틀 수호대,정연준,(주)청담러닝,씨제이포디플렉스 주식회사,20210324,개봉영화,단편,한국,10.0,1843500.0,196.0,956000.0,103.0,애니메이션,전체관람가,일반영화,5.59,7.44
트웬티 해커,한현석,(주)도어이앤엠,(주)도어이앤엠,20210324,개봉영화,장편,한국,74.0,13485500.0,2301.0,5603000.0,788.0,액션,15세이상관람가,일반영화,5.59,6.2
시 읽는 시간,이수정,생의 한가운데,(주)마노엔터테인먼트,20210325,개봉영화,장편,한국,15.0,1132900.0,155.0,697400.0,86.0,다큐멘터리,12세이상관람가,독립/예술영화,6.0,9.47
인천스텔라,백승기,꾸러기스튜디오,(주)영화사 그램,20210325,개봉영화,장편,한국,50.0,9304870.0,1060.0,6627670.0,734.0,SF,12세이상관람가,독립/예술영화,4.25,6.44
노가리,박민국,노가리필름,(주)드림팩트엔터테인먼트,20210331,개봉영화,장편,한국,4.0,990000.0,115.0,955500.0,111.0,드라마,12세이상관람가,독립/예술영화,4.0,6.64
아무도 없는 곳,김종관,볼미디어(주),(주)엣나인필름,20210331,개봉영화,장편,한국,374.0,35638410.0,5077.0,18107340.0,2435.0,드라마,15세이상관람가,독립/예술영화,5.8,6.81
자산어보,이준익,(주)씨네월드,메가박스중앙(주)플러스엠,20210331,개봉영화,장편,한국,1250.0,252848850.0,37650.0,96990870.0,13605.0,사극,12세이상관람가,일반영화,7.0,9.36
킬러파티 (양수리 살인사건),김건,씨제이 씨지브이(CJ CGV)(주),CGV ICECON,20210331,개봉영화,장편,한국,12.0,1560000.0,104.0,870000.0,58.0,공연,15세이상관람가,일반영화,5.59,9.69
턴: 더 스트릿,임석진,"(주)26컴퍼니,발키리픽처스",(주)26컴퍼니,20210331,개봉영화,장편,한국,27.0,3226000.0,414.0,2838000.0,351.0,드라마,12세이상관람가,독립/예술영화,5.59,8.23
나의 먼 가족,"한소리,이선영,김경범,오세희",주식회사 씨엠닉스,주식회사 씨엠닉스,20210401,개봉영화,옴니버스,한국,1.0,337000.0,121.0,,,기타,12세이상관람가,독립/예술영화,5.59,
당신의 사월,주현숙,(주)시네마달,(주)시네마달,20210401,개봉영화,장편,한국,59.0,45388620.0,6107.0,23171720.0,3041.0,다큐멘터리,전체관람가,독립/예술영화,6.0,4.84
더스트맨,김나경,한국예술종합학교 산학협력단,(주)트리플픽쳐스,20210407,개봉영화,장편,한국,47.0,20364780.0,3125.0,12576810.0,1895.0,드라마,12세이상관람가,독립/예술영화,5.8,7.95
아르코 라이브 무용 고요한 순환,,한국문화예술위원회,(주)아이디어랩,20210407,개봉영화,장편,한국,5.0,507000.0,48.0,293000.0,27.0,공연,12세이상관람가,일반영화,5.59,7.44
불어라 검풍아,조바른,"(주)컨텐츠 빌리지,(주)엠씨엠씨",(주)제이앤씨미디어그룹,20210408,개봉영화,장편,한국,29.0,3996870.0,442.0,2764870.0,298.0,액션,15세이상관람가,독립/예술영화,5.0,5.91
비밀의 정원,박선주,몬순픽쳐스,필름다빈,20210408,개봉영화,장편,한국,159.0,60543690.0,7515.0,31716870.0,3819.0,드라마,12세이상관람가,독립/예술영화,6.2,7.75
서복,이용주,"(주)씨제이이엔엠,(주)티피에스컴퍼니",(주)씨제이이엔엠,20210415,개봉영화,장편,한국,1382.0,3453714020.0,367563.0,943386710.0,100531.0,드라마,15세이상관람가,일반영화,5.13,6.33
내일의 기억,서유민,"(주)아이필름코퍼레이션,(주)토리픽쳐스","(주)아이필름코퍼레이션,씨제이 씨지브이(CJ CGV)(주)",20210421,개봉영화,장편,한국,957.0,1793427140.0,207232.0,457184150.0,54055.0,미스터리,15세이상관람가,일반영화,4.0,7.61
스프링 송,유준상,쥬네스엔터테인먼트,"주식회사 컨텐츠썬,(주)아우라픽처스",20210421,개봉영화,장편,한국,48.0,5844480.0,664.0,3194100.0,351.0,드라마,전체관람가,독립/예술영화,5.59,9.21
"무순, 세상을 가로질러",남승석,올록볼록 영화사,영화배급협동조합 씨네소파,20210422,개봉영화,장편,한국,17.0,5531000.0,581.0,4644000.0,480.0,다큐멘터리,전체관람가,독립/예술영화,5.67,8.45
베르나르다 알바,연태흠,(주)브이컴퍼니,(주)트리플픽쳐스,20210428,개봉영화,장편,한국,25.0,11048500.0,566.0,6959500.0,355.0,공연,15세이상관람가,일반영화,6.0,9.04
비와 당신의 이야기,조진모,(주)아지트필름,"소니픽쳐스엔터테인먼트코리아주식회사극장배급지점,(주)키다리이엔티",20210428,개봉영화,장편,한국,956.0,687053550.0,83528.0,195085810.0,23481.0,드라마,전체관람가,일반영화,5.4,6.74
"좋은 빛, 좋은 공기",임흥순,반달,(주)엣나인필름,20210428,개봉영화,장편,한국,62.0,13837570.0,1765.0,10075100.0,1251.0,다큐멘터리,12세이상관람가,독립/예술영화,7.0,7.41
극장판 콩순이: 장난감나라 대모험,이선명,(주)모꼬지,(주)넥스트엔터테인먼트월드(NEW),20210505,개봉영화,장편,한국,690.0,653801130.0,74592.0,112841710.0,12539.0,애니메이션,전체관람가,일반영화,6.0,8.84
베르테르,조광하,(주)씨제이이엔엠,CGV ICECON,20210505,개봉영화,장편,한국,68.0,223809000.0,12646.0,81065500.0,4585.0,뮤지컬,12세이상관람가,일반영화,5.59,7.44
아이들은 즐겁다,이지원,(주)영화사울림,"메가박스중앙(주)플러스엠,(주)영화사울림",20210505,개봉영화,장편,한국,445.0,155307470.0,18163.0,48878060.0,5986.0,드라마,전체관람가,독립/예술영화,6.6,9.36
학교 가는 길,김정인,(주)마로스튜디오,(주)영화사 진진,20210505,개봉영화,장편,한국,90.0,103762710.0,13530.0,65540710.0,8169.0,다큐멘터리,12세이상관람가,독립/예술영화,5.59,7.44
내겐 너무 소중한 너,"이창원,권성모",(주)파인스토리,(주)파인스토리,20210512,개봉영화,장편,한국,449.0,199479620.0,22342.0,44281670.0,4765.0,드라마,12세이상관람가,독립/예술영화,5.0,9.24
아들의 이름으로,이정국,영화사 혼,(주)엣나인필름,20210512,개봉영화,장편,한국,423.0,202838760.0,23431.0,67224280.0,7528.0,드라마,12세이상관람가,독립/예술영화,5.0,6.58
"2021 스웨그 에이지 : 외쳐, 조선!","우진하,곽기영",(주)피엘종합기획,(주)위즈온센,20210513,개봉영화,장편,한국,34.0,32588600.0,3371.0,20904200.0,2107.0,뮤지컬,12세이상관람가,일반영화,5.59,8.32
범털 2: 쩐의 전쟁,강태호,(주)피터팬픽쳐스,(주)피터팬픽쳐스,20210513,개봉영화,장편,한국,30.0,20614890.0,3783.0,10461850.0,2269.0,범죄,15세이상관람가,일반영화,5.59,4.73
스쿨 오브 락(樂),강호준,(주)콘텐츠나무,(주)드림팩트엔터테인먼트,20210513,개봉영화,장편,한국,7.0,2997000.0,324.0,2278000.0,251.0,다큐멘터리,전체관람가,독립/예술영화,5.59,8.8
소리에 놀라지 않는 사자처럼,윤성준,스튜디오 에이에이,(주)드림팩트엔터테인먼트,20210519,개봉영화,장편,한국,8.0,975940.0,130.0,178000.0,23.0,다큐멘터리,전체관람가,일반영화,5.0,6.44
혼자 사는 사람들,홍성은,한국영화아카데미,주식회사 더쿱,20210519,개봉영화,장편,한국,159.0,93992500.0,10517.0,52783410.0,5822.0,드라마,12세이상관람가,독립/예술영화,6.71,8.08
신비아파트 뮤지컬 시즌3 : 뱀파이어왕의 비밀,김종해,(주)씨제이이엔엠,(주)씨제이이엔엠,20210522,개봉영화,장편,한국,55.0,34841000.0,2325.0,6208000.0,414.0,공연,전체관람가,일반영화,5.59,7.44
아르코 라이브 뮤지컬 인사이드 윌리엄,,한국문화예술위원회,(주)아이디어랩,20210526,개봉영화,장편,한국,14.0,13517500.0,751.0,8874000.0,493.0,공연,전체관람가,일반영화,5.59,7.44
파이프라인,유하,(주)곰픽쳐스,"메가박스중앙(주)플러스엠,(주)리틀빅픽쳐스",20210526,개봉영화,장편,한국,777.0,839827490.0,96293.0,227396030.0,26416.0,범죄,15세이상관람가,일반영화,5.0,6.16
인트로덕션,홍상수,(주)영화제작전원사,"(주)영화제작전원사 ,(주)콘텐츠판다",20210527,개봉영화,장편,한국,91.0,23818690.0,2651.0,16819010.0,1837.0,기타,12세이상관람가,독립/예술영화,7.67,7.23
네가 내가 되었으면 좋겠다,김충길,주식회사 씨엠닉스,주식회사 씨엠닉스,20210601,개봉영화,장편,한국,1.0,,280.0,,41.0,기타,12세이상관람가,독립/예술영화,2.0,8.11
전주에서 길을 묻다,진승현,(주)진진엔터테인먼트필름,주식회사 씨엠닉스,20210601,개봉영화,장편,한국,1.0,,360.0,,124.0,드라마,12세이상관람가,독립/예술영화,5.59,7.55
까치발,권우정,다큐이야기,(주)시네마달,20210603,개봉영화,장편,한국,27.0,,975.0,,559.0,다큐멘터리,12세이상관람가,독립/예술영화,6.25,8.19
낫아웃,이정곤,"이안필름,(주)키즈리턴","(주)케이티알파,판씨네마(주)",20210603,개봉영화,장편,한국,203.0,,,,,드라마,15세이상관람가,독립/예술영화,6.4,7.67
포겟 미 낫-엄마에게 쓰는 편지,신선희,(주)민치앤필름,커넥트픽쳐스(주),20210603,개봉영화,장편,한국,33.0,,878.0,,664.0,다큐멘터리,12세이상관람가,독립/예술영화,7.0,8.33
B급 청춘,민채연,유한회사 영화사 반딧불,유한회사 영화사 반딧불,20210616,개봉영화,장편,한국,5.0,,18.0,,1.0,드라마,15세이상관람가,독립/예술영화,5.59,5.75
클라이밍,김혜미,한국영화아카데미,(주)트리플픽쳐스,20210616,개봉영화,장편,한국,110.0,,,,,애니메이션,15세이상관람가,독립/예술영화,6.17,5.65
여고괴담 여섯번째 이야기 : 모교,이미영,(주)씨네이천,"(주)케이티알파,씨제이 씨지브이(CJ CGV)(주)",20210617,개봉영화,장편,한국,603.0,,,,,미스터리,15세이상관람가,일반영화,4.2,4.3
청춘선거,민환기,오프 램프,아이 엠,20210617,개봉영화,장편,한국,27.0,,,,924.0,다큐멘터리,12세이상관람가,독립/예술영화,6.0,7.35
더 데빌,이지나,씨제이 씨지브이(CJ CGV)(주),CGV ICECON,20210623,개봉영화,장편,한국,19.0,,,,619.0,뮤지컬,15세이상관람가,일반영화,5.59,7.44
메이드 인 루프탑,김조광수,(주)레인보우팩토리,(주)엣나인필름,20210623,개봉영화,장편,한국,77.0,,,,,드라마,15세이상관람가,독립/예술영화,5.83,7.74
발신제한,김창주,"(주)티피에스컴퍼니,(주)씨제이이엔엠",(주)씨제이이엔엠,20210623,개봉영화,장편,한국,,,,,,스릴러,15세이상관람가,일반영화,5.71,6.2
"식물카페, 온정",최창환,매치컷(주),매치컷(주),20210624,개봉영화,장편,한국,19.0,,410.0,,219.0,기타,전체관람가,독립/예술영화,5.17,6.82
흩어진 밤,"이지형,김솔","(주)타이거시네마,DGC",영화배급협동조합 씨네소파,20210624,개봉영화,장편,한국,49.0,,,,,드라마,전체관람가,독립/예술영화,6.4,8.0
괴기맨숀,조바른,(주)엠씨엠씨,(주)콘텐츠판다,20210630,개봉영화,장편,한국,110.0,,,,,공포(호러),15세이상관람가,일반영화,6.0,6.15
미드나이트,권오승,(주)페퍼민트앤컴퍼니,씨제이 씨지브이(CJ CGV)(주),20210630,개봉영화,장편,한국,693.0,,,,,스릴러,15세이상관람가,일반영화,4.33,4.6
빛나는 순간,소준문,"(주)명필름,웬에버스튜디오,명필름랩","(주)명필름,(주)씨네필운",20210630,개봉영화,장편,한국,262.0,,,,,드라마,12세이상관람가,독립/예술영화,6.83,8.27
열아홉,우경희,K'arts,(주)리틀빅픽쳐스,20210630,개봉영화,장편,한국,26.0,,310.0,,249.0,드라마,15세이상관람가,독립/예술영화,5.29,7.31
우리는 매일매일,강유가람,영희야 놀자,㈜인디스토리,20210630,개봉영화,장편,한국,30.0,,468.0,,429.0,다큐멘터리,12세이상관람가,독립/예술영화,6.33,7.95
저승보다 낯선,여균동,우사유필름,(주)스튜디오 보난자,20210630,개봉영화,장편,한국,9.0,,58.0,,50.0,드라마,15세이상관람가,독립/예술영화,5.0,8.75
좀비크러쉬: 헤이리,장현상,GATE6,필름다빈,20210630,개봉영화,장편,한국,23.0,,171.0,,135.0,코미디,15세이상관람가,독립/예술영화,4.67,4.88
CCTV,김홍익,채널맥,마루아트센터(주),2021-07-,개봉영화,장편,한국,1.0,,,,,공포(호러),15세이상관람가,일반영화,5.59,5.33
갈매기,김미조,DGC,(주)영화사 진진,2021-07-,개봉영화,장편,한국,42.0,,,,,드라마,15세이상관람가,독립/예술영화,6.75,8.67
나만 보이니,임용재,유한회사 영화사 반딧불,(주)디스테이션,2021-07-,개봉영화,장편,한국,84.0,,,,699.0,공포(호러),15세이상관람가,일반영화,3.0,5.23
마네킹,김문옥,스마일픽쳐스,스마일픽쳐스,2021-07-,개봉영화,장편,한국,1.0,,46.0,,46.0,공포(호러),15세이상관람가,독립/예술영화,5.59,7.44
모가디슈,류승완,"(주)덱스터스튜디오,(주)외유내강,(주)필름케이",롯데컬처웍스(주)롯데엔터테인먼트,2021-07-,개봉영화,장편,한국,,,,,,액션,15세이상관람가,일반영화,7.27,8.34
방법: 재차의,김용완,"클라이맥스 스튜디오(주),(주)씨제이이엔엠,스튜디오 드래곤,(주)키이스트",(주)씨제이이엔엠,2021-07-,개봉영화,장편,한국,838.0,,,,,미스터리,15세이상관람가,일반영화,5.86,7.36
보통날,"김예나,박규은,이미소",주식회사 씨엠닉스,주식회사 씨엠닉스,2021-07-,개봉영화,장편,한국,1.0,,98.0,,98.0,드라마,15세이상관람가,독립/예술영화,5.59,8.0
샤먼 로드,최상진,강 컨텐츠,강 컨텐츠,2021-07-,개봉영화,장편,한국,5.0,,884.0,,407.0,다큐멘터리,12세이상관람가,독립/예술영화,5.59,9.58
숏버스 이별행,"유현,김세희,김홍기,원은선",(주)퍼니콘,"언더식스티,(주)퍼니콘",2021-07-,개봉영화,장편,한국,53.0,,,,,코미디,15세이상관람가,독립/예술영화,6.0,8.11
아이윌 송,이상훈,(주)오예스,(주)라이크콘텐츠,2021-07-,개봉영화,장편,한국,34.0,,,,,드라마,12세이상관람가,독립/예술영화,4.0,8.4
액션히어로,이진호,한국예술종합학교 산학협력단,(주)트리플픽쳐스,2021-07-,개봉영화,장편,한국,110.0,,,,,액션,12세이상관람가,독립/예술영화,6.5,7.02
영면,"이승호,서오름,방성훈,이세영",주식회사 씨엠닉스,주식회사 씨엠닉스,2021-07-,개봉영화,장편,한국,1.0,,57.0,,57.0,드라마,12세이상관람가,독립/예술영화,5.59,8.5
온 더 로드,이재한,주식회사 스토리웍스코리아,CGV ICECON,2021-07-,개봉영화,장편,한국,18.0,,,,991.0,다큐멘터리,전체관람가,일반영화,5.59,10.0
죽어도 좋은 경험: 천사여 악녀가 되라,김기영,유성영화(주),주식회사 블루필름웍스,2021-07-,개봉영화,장편,한국,28.0,,,,,드라마,"연소자관람불가,청소년관람불가",독립/예술영화,5.0,7.9
귀문,심덕근,"(주)고스트픽처스,(주)주피터필름",씨제이 씨지브이(CJ CGV)(주),2021-08-,개봉영화,장편,한국,692.0,,,,,미스터리,15세이상관람가,일반영화,4.67,4.18
박강아름 결혼하다,박강아름,창작집단3355 (A.3355),(주)영화사 진진,2021-08-,개봉영화,장편,한국,32.0,,,,,다큐멘터리,전체관람가,독립/예술영화,6.0,9.42
블랙핑크 더 무비,"오윤동,정수이",씨제이포디플렉스 주식회사,씨제이포디플렉스 주식회사,2021-08-,개봉영화,장편,한국,147.0,,,,,공연,전체관람가,일반영화,5.59,9.24
사랑인가 바,민채연,유한회사 영화사 반딧불,유한회사 영화사 반딧불,2021-08-,개봉영화,장편,한국,5.0,,18.0,,2.0,멜로/로맨스,12세이상관람가,독립/예술영화,5.59,7.44
사제로부터 온 편지,최종태,(주)영화사소요,(주)드림팩트엔터테인먼트,2021-08-,개봉영화,장편,한국,4.0,,118.0,,19.0,다큐멘터리,전체관람가,독립/예술영화,5.0,8.36
생각의 여름,김종재,너드 조크 필름,㈜인디스토리,2021-08-,개봉영화,장편,한국,41.0,,,,,드라마,12세이상관람가,독립/예술영화,6.0,5.78
숏버스 감성행,"강인석,안다훈,박경진",(주)퍼니콘,"언더식스티,(주)퍼니콘",2021-08-,개봉영화,옴니버스,한국,14.0,,464.0,,297.0,멜로/로맨스,12세이상관람가,독립/예술영화,5.59,8.3
숲의 비명 : 사라진 사람들,전혜림,"(주)트리필름,(주)포레스트필름",(주)트리필름,2021-08-,개봉영화,장편,한국,6.0,,171.0,,106.0,공포(호러),15세이상관람가,독립/예술영화,5.59,3.92
싱크홀,김지훈,(주)더타워픽쳐스,(주)쇼박스,2021-08-,개봉영화,장편,한국,,,,,,코미디,12세이상관람가,일반영화,5.17,6.36
어댑테이션,김정민,주식회사 플릭스코,주식회사 플릭스코,2021-08-,개봉영화,장편,한국,1.0,,20.0,,,기타,15세이상관람가,독립/예술영화,5.59,7.44
언더그라운드,김정근,수요일,(주)시네마달,2021-08-,개봉영화,장편,한국,19.0,,,,728.0,다큐멘터리,12세이상관람가,일반영화,6.75,7.62
인질,필감성,"(주)외유내강,(주)샘컴퍼니",(주)넥스트엔터테인먼트월드(NEW),2021-08-,개봉영화,장편,한국,,,,,,액션,15세이상관람가,일반영화,6.0,6.5
캐논볼,정승민,디포커스필름,(주)이놀미디어,2021-08-,개봉영화,장편,한국,12.0,,349.0,,282.0,드라마,12세이상관람가,독립/예술영화,6.0,8.11
그대 너머에,박홍민,농부영화사,농부영화사,2021-09-,개봉영화,장편,한국,12.0,,793.0,,599.0,멜로/로맨스,전체관람가,독립/예술영화,6.75,7.96
기적,이장훈,(주)블러썸픽쳐스,롯데컬처웍스(주)롯데엔터테인먼트,2021-09-,개봉영화,장편,한국,,,,,,드라마,12세이상관람가,일반영화,5.59,7.44
꿈꾸는 고양이,"지원,강민현",시네마 달래,아이 엠,2021-09-,개봉영화,장편,한국,19.0,,628.0,,292.0,다큐멘터리,전체관람가,독립/예술영화,5.4,9.86
디스 아메리카노,권유주,주식회사 씨엠닉스,주식회사 씨엠닉스,2021-09-,개봉영화,장편,한국,1.0,,22.0,,22.0,드라마,15세이상관람가,독립/예술영화,4.0,8.43
묵향,정구호,(주)케빈앤컴퍼니,(주)케빈앤컴퍼니,2021-09-,개봉영화,장편,한국,14.0,,242.0,,143.0,공연,전체관람가,일반영화,5.59,8.33
보이스,"김선,김곡",(주)수필름,(주)씨제이이엔엠,2021-09-,개봉영화,장편,한국,,,,,,범죄,15세이상관람가,일반영화,5.0,8.44
쇼미더고스트,김은경,㈜인디스토리,㈜인디스토리,2021-09-,개봉영화,장편,한국,43.0,,,,894.0,코미디,12세이상관람가,독립/예술영화,5.67,6.7
숏버스 기묘행,"현명우,유정수,김지산,이용섭,전윤수,오현도",(주)퍼니콘,"언더식스티,(주)퍼니콘",2021-09-,개봉영화,옴니버스,한국,15.0,,72.0,,44.0,미스터리,15세이상관람가,독립/예술영화,5.59,9.14
수색자,김민섭,케이필름,(주)콘텐츠판다,2021-09-,개봉영화,장편,한국,218.0,,,,,스릴러,15세이상관람가,독립/예술영화,4.5,6.8
수필러브,홍두표,홍이필름,주식회사 씨엠닉스,2021-09-,개봉영화,장편,한국,1.0,,80.0,,,기타,12세이상관람가,독립/예술영화,2.0,7.78
슈퍼문,홍대영,깜보 스튜디오,예지림엔터테인먼트,2021-09-,개봉영화,장편,한국,200.0,,,,811.0,애니메이션,전체관람가,독립/예술영화,5.0,7.41
습도 다소 높음,고봉수,"백지수표 주식회사,(주)곰픽쳐스,주식회사 씨엠닉스",(주)스튜디오디에이치엘,2021-09-,개봉영화,장편,한국,51.0,,,,,코미디,15세이상관람가,독립/예술영화,5.25,7.38
영화의 거리,김민근,제작사 눈,영화배급협동조합 씨네소파,2021-09-,개봉영화,장편,한국,26.0,,,,596.0,멜로/로맨스,12세이상관람가,독립/예술영화,4.75,8.16
잔나비 판타스틱 올드패션드 리턴즈! x 넌센스 Ⅱ,,씨제이 씨지브이(CJ CGV)(주),CGV ICECON,2021-09-,개봉영화,장편,한국,66.0,,,,,공연,전체관람가,일반영화,5.59,7.44
종착역,"권민표,서한솔","(주)타이거시네마,DGC",필름다빈,2021-09-,개봉영화,장편,한국,49.0,,,,,드라마,전체관람가,독립/예술영화,5.59,7.44
좋은 사람,정욱,한국영화아카데미,"(주)싸이더스,찬란",2021-09-,개봉영화,장편,한국,140.0,,,,,미스터리,12세관람가,독립/예술영화,6.67,8.37
창극 패왕별희,우싱궈,(주)케빈앤컴퍼니,(주)케빈앤컴퍼니,2021-09-,개봉영화,장편,한국,15.0,,170.0,,92.0,공연,전체관람가,일반영화,5.59,7.75
최선의 삶,이우정,"(주)마일스톤컴퍼니,(주)모토",(주)엣나인필름,2021-09-,개봉영화,장편,한국,101.0,,,,,드라마,15세이상관람가,독립/예술영화,6.7,8.06
F20,홍은미,"KBS,몬스터유니온",와이드 릴리즈(주),2021-10-,개봉영화,장편,한국,218.0,,,,,스릴러,15세이상관람가,일반영화,4.5,5.67
가치 캅시다,조승원,감성스토리,(주)스튜디오 보난자,2021-10-,개봉영화,장편,한국,43.0,,,,683.0,드라마,15세이상관람가,독립/예술영화,4.0,7.68
그녀의 가족은 잘못이 없어,김헌,이상우필름,이상우필름,2021-10-,개봉영화,장편,한국,2.0,,22.0,,,,15세이상관람가,독립/예술영화,5.59,9.9
그림자꽃,이승준,블루버드픽처스,(주)엣나인필름,2021-10-,개봉영화,장편,한국,89.0,,,,,다큐멘터리,12세이상관람가,독립/예술영화,6.33,6.5
노회찬6411,민환기,"(주)명필름,시네마6411,평등하고 공정한나라 노회찬재단","(주)리틀빅픽쳐스,시네마6411",2021-10-,개봉영화,장편,한국,154.0,,,,,다큐멘터리,12세이상관람가,독립/예술영화,6.2,6.05
당신얼굴 앞에서,홍상수,(주)영화제작전원사,"(주)영화제작전원사 ,(주)콘텐츠판다",2021-10-,개봉영화,장편,한국,69.0,,,,,드라마,15세이상관람가,독립/예술영화,7.0,7.71
동백,신준영,(주)해오름이앤티,시네마 뉴원,2021-10-,개봉영화,장편,한국,60.0,,,,447.0,드라마,12세이상관람가,독립/예술영화,5.59,7.5
뫼비우스,"김영,황형근,최영주,이소연",주식회사 씨엠닉스,주식회사 씨엠닉스,2021-10-,개봉영화,옴니버스,한국,1.0,,734.0,,734.0,드라마,12세이상관람가,독립/예술영화,5.59,6.5
바람아 안개를 걷어가다오,신동민,(주)모쿠슈라,(주)모쿠슈라,2021-10-,개봉영화,장편,한국,22.0,,410.0,,345.0,드라마,12세이상관람가,독립/예술영화,6.5,7.75
보는 것을 사랑한다,윤기형,고양이구름 필름,(주)드림팩트엔터테인먼트,2021-10-,개봉영화,장편,한국,8.0,,265.0,,109.0,다큐멘터리,전체관람가,독립/예술영화,5.67,9.0
브라더,신근호,"(주)모그픽쳐스,(주)더그레이트컴퍼니",(주)박수엔터테인먼트,2021-10-,개봉영화,장편,한국,131.0,,,,423.0,범죄,15세이상관람가,일반영화,5.59,7.44
사상,박배일,오지필름,(주)시네마달,2021-10-,개봉영화,장편,한국,16.0,,623.0,,513.0,다큐멘터리,12세이상관람가,독립/예술영화,6.2,6.8
숏버스 섬뜩행,"강다연,전민혁,김상규,임의준",(주)퍼니콘,"언더식스티,(주)퍼니콘",2021-10-,개봉영화,옴니버스,한국,13.0,,187.0,,98.0,드라마,15세이상관람가,독립/예술영화,5.0,7.38
십개월의 미래,남궁선,한국예술종합학교 산학협력단,그린나래미디어(주),2021-10-,개봉영화,장편,한국,158.0,,,,,드라마,12세이상관람가,독립/예술영화,6.71,8.09
양방언과 국립국악관현악단-인투 더 라이트,양방언,"문화체육관광부 국립극장,국립국악관현악단",(주)케빈앤컴퍼니,2021-10-,개봉영화,장편,한국,12.0,,52.0,,28.0,공연,전체관람가,일반영화,5.59,7.44
울림의 탄생,이정준,스튜디오 홍시,영화배급협동조합 씨네소파,2021-10-,개봉영화,장편,한국,7.0,,405.0,,157.0,다큐멘터리,전체관람가,독립/예술영화,6.0,9.18
타다: 대한민국 스타트업의 초상,권명국,(주)시네마틱퍼슨,(주)넥스트엔터테인먼트월드(NEW),2021-10-,개봉영화,장편,한국,73.0,,,,,다큐멘터리,전체관람가,독립/예술영화,6.0,8.08
피어썸,이상헌,"㈜에스에이치엔터앤컴퍼니,(주)스토리제이",(주)스토리제이,2021-10-,개봉영화,장편,한국,45.0,,,,638.0,공포(호러),15세이상관람가,독립/예술영화,3.0,5.27
피치 오브 타임 극장판,장의순,"실크우드,(주)리틀빅픽쳐스","한양제작소,(주)리틀빅픽쳐스",2021-10-,개봉영화,장편,한국,5.0,,158.0,,146.0,멜로/로맨스,12세이상관람가,일반영화,3.0,7.35
한창나이 선녀님,원호연,(주)큰물고기미디어,(주)트리플픽쳐스,2021-10-,개봉영화,장편,한국,74.0,,,,,다큐멘터리,전체관람가,독립/예술영화,6.0,9.53
화이트데이: 부서진 결계,송운,(주)슬기로운늑대,(주)제이앤씨미디어그룹,2021-10-,개봉영화,장편,한국,356.0,,,,,공포(호러),15세이상관람가,일반영화,1.5,4.69
휴가,이란희,작업장 ‘봄’,㈜인디스토리,2021-10-,개봉영화,장편,한국,55.0,,,,,드라마,12세이상관람가,독립/예술영화,6.83,8.77
1984 최동원,조은성,"(주)영화사진,엠앤씨에프",(주)트리플픽쳐스,2021-11-,개봉영화,장편,한국,172.0,,316.0,,147.0,다큐멘터리,전체관람가,독립/예술영화,6.0,8.93
고양이에게 밥을 주지 마세요,"김희주,정주희",,목영이엔엠,2021-11-,개봉영화,장편,한국,16.0,,7.0,,,다큐멘터리,전체관람가,독립/예술영화,5.25,5.48
너에게 가는 길,변규리,성소수문화환경을 위한 모임 '연분홍치마',(주)엣나인필름,2021-11-,개봉영화,장편,한국,56.0,,,,,다큐멘터리,12세이상관람가,독립/예술영화,7.2,9.19
라임크라임,"이승환,유재욱","기린놀이터,(주)시네마달",(주)시네마달,2021-11-,개봉영화,장편,한국,25.0,,,,,드라마,15세이상관람가,독립/예술영화,6.0,8.64
로그북,복진오,복미디어,시네마 뉴원,2021-11-,개봉영화,장편,한국,15.0,,,,523.0,다큐멘터리,전체관람가,독립/예술영화,6.0,9.69
로또쉐어,소재익,(주)지티지그룹,와이드 릴리즈(주),2021-11-,개봉영화,장편,한국,20.0,,687.0,,365.0,스릴러,15세이상관람가,일반영화,3.0,5.44
무녀도,안재훈,(주)연필로명상하기,(주)씨네필운,2021-11-,개봉영화,장편,한국,49.0,,467.0,,199.0,뮤지컬,12세이상관람가,일반영화,6.5,9.0
보조바퀴,이주예,주식회사 필름초이스,주식회사 필름초이스,2021-11-,개봉영화,장편,한국,1.0,,49.0,,35.0,드라마,전체관람가,독립/예술영화,6.0,8.25
송해 1927,윤재호,"주식회사 이로츠,빈스로드",(주)스튜디오디에이치엘,2021-11-,개봉영화,장편,한국,60.0,,,,612.0,다큐멘터리,12세이상관람가,독립/예술영화,5.75,8.89
숏버스 감독행,"최진영,현승휘,서정미,김건휘,이상빈",(주)퍼니콘,"언더식스티,(주)퍼니콘",2021-11-,개봉영화,옴니버스,한국,14.0,,121.0,,93.0,드라마,15세이상관람가,독립/예술영화,5.59,9.15
싸나희 순정,정병각,"(주)인베스트하우스,에이스팩토리",(주)마노엔터테인먼트,2021-11-,개봉영화,장편,한국,41.0,,,,122.0,드라마,12세이상관람가,독립/예술영화,5.0,7.91
아워 미드나잇,임정은,화목한영화사,필름다빈,2021-11-,개봉영화,장편,한국,50.0,,667.0,,274.0,드라마,12세이상관람가,독립/예술영화,6.5,8.0
연애 빠진 로맨스,정가영,"(주)씨제이이엔엠,트웰브져니(주)",(주)씨제이이엔엠,2021-11-,개봉영화,장편,한국,967.0,,,,,멜로/로맨스,15세이상관람가,일반영화,6.71,8.41
왕십리 김종분,김진열,㈜인디스토리,㈜인디스토리,2021-11-,개봉영화,장편,한국,32.0,,770.0,,603.0,다큐멘터리,12세이상관람가,독립/예술영화,6.29,9.18
유체이탈자,윤재근,"(주)비에이엔터테인먼트,(주)사람엔터테인먼트","주식회사 에이비오엔터테인먼트,메가박스중앙(주)플러스엠",2021-11-,개봉영화,장편,한국,,,,,,판타지,15세이상관람가,일반영화,5.75,7.5
장르만 로맨스,조은지,(주)비리프,(주)넥스트엔터테인먼트월드(NEW),2021-11-,개봉영화,장편,한국,,,,,,드라마,15세이상관람가,일반영화,6.33,7.04
핫 블러드,신재명,(주)하늬바람,(주)제이앤씨미디어그룹,2021-11-,개봉영화,장편,한국,52.0,,48.0,,4.0,액션,15세이상관람가,독립/예술영화,5.59,7.24
행복의 속도,박혁지,(주)하이하버픽쳐스,(주)영화사 진진,2021-11-,개봉영화,장편,한국,23.0,,,,767.0,다큐멘터리,전체관람가,독립/예술영화,6.25,8.98
간호중,민규동,(주)수필름,찬란,2021-12-,개봉영화,장편,한국,16.0,,,,,SF,15세이상관람가,독립/예술영화,6.0,8.04
기억의 시간,황경성,(주)컨택트미디어,(주)컨택트미디어,2021-12-,개봉영화,장편,한국,6.0,,445.0,,288.0,멜로/로맨스,12세이상관람가,일반영화,5.59,7.6
기우제,권하,묘명동화,(주)에스와이코마드,2021-12-,개봉영화,장편,한국,4.0,,256.0,,221.0,드라마,15세이상관람가,독립/예술영화,5.59,9.13
긴 하루,조성규,(주)와우,하준사,2021-12-,개봉영화,장편,한국,12.0,,149.0,,118.0,드라마,12세이상관람가,독립/예술영화,4.0,5.5
꽃손,권순중,씨엠지초록별,(주)에스와이코마드,2021-12-,개봉영화,장편,한국,5.0,,330.0,,326.0,드라마,전체관람가,독립/예술영화,5.59,6.0
나는 조선사람입니다,김철민,"엠앤씨에프,다큐창작소,(주)영화사진","㈜인디스토리,엠앤씨에프",2021-12-,개봉영화,장편,한국,23.0,,,,,다큐멘터리,12세이상관람가,독립/예술영화,6.4,8.63
로그 인 벨지움,유태오,태오닉 모,(주)엣나인필름,2021-12-,개봉영화,장편,한국,53.0,,,,,다큐멘터리,전체관람가,독립/예술영화,6.0,7.7
마마무 2021 웨어 아 위 콘서트 더 무비,손석,씨제이 씨지브이(CJ CGV)(주),씨제이 씨지브이(CJ CGV)(주),2021-12-,개봉영화,장편,한국,37.0,,,,,공연,전체관람가,일반영화,5.59,7.44
몬스타엑스 : 더 드리밍,오윤동,씨제이포디플렉스 주식회사,씨제이포디플렉스 주식회사,2021-12-,개봉영화,장편,한국,98.0,,,,,다큐멘터리,전체관람가,일반영화,5.59,9.85
사막을 건너 호수를 지나,"박소현,송영윤",보리와 메루,영화배급협동조합 씨네소파,2021-12-,개봉영화,장편,한국,12.0,,204.0,,127.0,다큐멘터리,전체관람가,독립/예술영화,5.0,8.0
사운드 오브 서울,스티븐 두트,(주)민치앤필름,(주)민치앤필름,2021-12-,개봉영화,장편,한국,1.0,,29.0,,29.0,다큐멘터리,12세이상관람가,일반영화,5.59,
소설가 구보의 하루,임현묵,영화사 다동극장,필름다빈,2021-12-,개봉영화,장편,한국,36.0,,,,,드라마,12세이상관람가,독립/예술영화,5.67,8.56
숏버스 배우행,"이건휘,김내리,황지현,서태범,황재필,김효준",서울국제초단편영화제,"언더식스티,(주)퍼니콘",2021-12-,개봉영화,옴니버스,한국,16.0,,171.0,,93.0,드라마,12세이상관람가,독립/예술영화,5.59,8.92
여타짜,이지승,"하이컨셉픽쳐스(주),(주)더그레이트컴퍼니",(주)박수엔터테인먼트,2021-12-,개봉영화,장편,한국,151.0,,,,514.0,범죄,15세이상관람가,일반영화,4.0,4.68
우리는 이별에 서툴러서,"이현지,이건욱,박동기,민병채",주식회사 씨엠닉스,주식회사 씨엠닉스,2021-12-,개봉영화,장편,한국,3.0,,244.0,,138.0,드라마,12세이상관람가,독립/예술영화,5.59,7.0
이상존재,차진우,"(주)아크메,(주)드림팩트엔터테인먼트",(주)드림팩트엔터테인먼트,2021-12-,개봉영화,장편,한국,53.0,,349.0,,55.0,공포(호러),15세이상관람가,독립/예술영화,4.0,4.22
인생게임,양재호,영화필름,(주)콘텐츠윙,2021-12-,개봉영화,장편,한국,2.0,,29.0,,28.0,드라마,12세이상관람가,독립/예술영화,5.59,
총을 들지 않는 사람들: 금기에 도전,김환태,다큐이야기,(주)스튜디오 보난자,2021-12-,개봉영화,장편,한국,9.0,,451.0,,369.0,다큐멘터리,12세이상관람가,독립/예술영화,8.0,5.92
타이거마스크,염정원,"(주)그노스,(주)파이브데이,꿀잼컴퍼니(주)","(주)그노스,(주)다날엔터테인먼트",2021-12-,개봉영화,장편,한국,36.0,,190.0,,33.0,코미디,12세이상관람가,일반영화,5.59,5.15
태일이,홍준표,"(주)명필름,(주)스튜디오루머,전태일재단,유한회사 질라라비,영화 <태일이> 1970인 제작위원",(주)리틀빅픽쳐스,2021-12-,개봉영화,장편,한국,458.0,,,,,애니메이션,전체관람가,독립/예술영화,6.5,8.49
팬텀: 더 뮤지컬 라이브,박재석,(주)위즈온센,롯데컬처웍스(주)롯데엔터테인먼트,2021-12-,개봉영화,장편,한국,118.0,,,,,뮤지컬,12세이상관람가,일반영화,6.0,8.86
해피 뉴 이어,곽재용,(주)하이브미디어코프,"(주)씨제이이엔엠,주식회사 티빙",2021-12-,개봉영화,장편,한국,832.0,,,,,멜로/로맨스,12세이상관람가,일반영화,4.75,7.05
걸 위드 더 카메라,안희수,,(주)영화사 그램,2022-01-,개봉영화,장편,한국,11.0,,330.0,,269.0,다큐멘터리,12세이상관람가,독립/예술영화,5.25,9.78
경관의 피,이규만,리양필름(주),(주)에이스메이커무비웍스,2022-01-,개봉영화,장편,한국,,,,,,범죄,15세이상관람가,일반영화,6.0,7.23
극장판 안녕 자두야: 제주도의 비밀,손석우,아툰즈,(주)씨제이이엔엠,2022-01-,개봉영화,장편,한국,618.0,,,,,애니메이션,전체관람가,일반영화,5.0,8.61
미싱타는 여자들,"이혁래,김정영",플라잉타이거픽처스,(주)영화사 진진,2022-01-,개봉영화,장편,한국,39.0,,,,,다큐멘터리,전체관람가,독립/예술영화,6.63,8.79
블루버스데이,박단희,씨제이 씨지브이(CJ CGV)(주),"씨제이 씨지브이(CJ CGV)(주),CGV ICECON",2022-01-,개봉영화,장편,한국,43.0,,,,,멜로/로맨스,12세이상관람가,일반영화,5.59,9.04
비욘드라이브 더 무비 : 엔시티 레조넌스,,씨제이 씨지브이(CJ CGV)(주),씨제이 씨지브이(CJ CGV)(주),2022-01-,개봉영화,장편,한국,34.0,,,,,공연,전체관람가,일반영화,5.59,9.58
임신한 나무와 도깨비,"김동령,박경태","(주)시네마달,웃음과바늘 필름&아카이브",(주)시네마달,2022-01-,개봉영화,장편,한국,20.0,,,,,드라마,15세이상관람가,독립/예술영화,7.17,6.82
장민호 드라마 최종회,,"씨제이 씨지브이(CJ CGV)(주),CGV ICECON","씨제이 씨지브이(CJ CGV)(주),CGV ICECON",2022-01-,개봉영화,장편,한국,81.0,,,,,공연,전체관람가,일반영화,5.59,9.43
존경하고 사랑하는 국민여러분,김진홍,"(주)영화사메이플러스,광주MBC","주식회사 블루필름웍스,(주)영화사메이플러스",2022-01-,개봉영화,장편,한국,22.0,,,,650.0,다큐멘터리,12세이상관람가,독립/예술영화,4.6,4.92
"천년의 노래, 리버스",성유진,문화체육관광부 국립극장,(주)이놀미디어,2022-01-,개봉영화,장편,한국,10.0,,349.0,,238.0,공연,전체관람가,일반영화,5.59,10.0
킹메이커,변성현,(주)씨앗필름,메가박스중앙(주)플러스엠,2022-01-,개봉영화,장편,한국,,,,,,드라마,15세이상관람가,일반영화,6.25,7.27
트로트는 인생이다,투케이,㈜드림스테이션,시네마 뉴원,2022-01-,개봉영화,장편,한국,8.0,,122.0,,78.0,코미디,15세이상관람가,독립/예술영화,3.0,6.88
특송,박대민,(주)엠픽처스,(주)넥스트엔터테인먼트월드(NEW),2022-01-,개봉영화,장편,한국,996.0,,,,,범죄,15세이상관람가,일반영화,6.0,7.55
포 언투 어스,,(사)그라시아스합창단,(사)그라시아스합창단,2022-01-,개봉영화,장편,한국,1.0,,750.0,,,뮤지컬,전체관람가,일반영화,5.59,7.44
해적: 도깨비 깃발,김정훈,"(주)어뉴,오스카10스튜디오",롯데컬처웍스(주)롯데엔터테인먼트,2022-01-,개봉영화,장편,한국,,,,,,어드벤처,12세이상관람가,일반영화,5.6,5.51
효자,이훈국,"영화사 틈,(주)모그픽쳐스",(주)드림팩트엔터테인먼트,2022-01-,개봉영화,장편,한국,16.0,,630.0,,482.0,코미디,15세이상관람가,독립/예술영화,5.59,9.13
광대: 소리꾼,조정래,주식회사 제이오엔터테인먼트코리아,트윈플러스파트너스(주),2022-02-,개봉영화,장편,한국,116.0,,,,,사극,12세이상관람가,일반영화,5.0,8.45
나의 촛불,"김의성,주진우",주기자 유한회사,트윈플러스파트너스(주),2022-02-,개봉영화,장편,한국,294.0,,,,,다큐멘터리,전체관람가,독립/예술영화,6.5,6.09
늦봄2020,박규현,(주)전주엠비씨 프로덕션,주식회사 블루필름웍스,2022-02-,개봉영화,장편,한국,12.0,,,,330.0,다큐멘터리,전체관람가,독립/예술영화,5.5,7.03
대한민국 대통령,배상국,(주)바보들,(주)라이크콘텐츠,2022-02-,개봉영화,장편,한국,22.0,,431.0,,256.0,다큐멘터리,전체관람가,독립/예술영화,4.83,7.87
리프레쉬,김길영,㈜케이엠글로벌미디어,(주)이놀미디어,2022-02-,개봉영화,장편,한국,44.0,,,,,드라마,12세이상관람가,독립/예술영화,4.0,7.67
매미소리,이충렬,주식회사 자유로픽쳐스,(주)드림팩트엔터테인먼트,2022-02-,개봉영화,장편,한국,70.0,,,,,드라마,15세이상관람가,독립/예술영화,4.0,9.74
미인,홍태선,"필름에이픽쳐스,한국영상대학교",필름에이픽쳐스,2022-02-,개봉영화,장편,한국,5.0,,275.0,,133.0,다큐멘터리,전체관람가,독립/예술영화,4.0,6.75
보드랍게,박문칠,(사)정신대할머니와함께하는시민모임,(주)인디플러그,2022-02-,개봉영화,장편,한국,20.0,,944.0,,725.0,다큐멘터리,전체관람가,독립/예술영화,6.4,9.25
온 세상이 하얗다,김지석,(주)소셜프로덕션,(주)트리플픽쳐스,2022-02-,개봉영화,장편,한국,18.0,,605.0,,398.0,멜로/로맨스,15세이상관람가,독립/예술영화,6.0,8.38
전투왕,이상호,(주)씨네포트,"(주)씨네포트,주식회사 블루필름웍스",2022-02-,개봉영화,장편,한국,41.0,,,,,다큐멘터리,12세이상관람가,독립/예술영화,5.59,9.12
짬뽕비권,박동기,클라임 매니지먼트 주식회사,(주)콘텐츠판다,2022-02-,개봉영화,장편,한국,9.0,,167.0,,,액션,12세이상관람가,독립/예술영화,5.59,6.95
창극 변강쇠 점 찍고 옹녀,고선웅,문화체육관광부 국립극장,(주)이놀미디어,2022-02-,개봉영화,장편,한국,13.0,,368.0,,207.0,공연,15세이상관람가,일반영화,5.59,6.2
축복의 집,박희권,(주)고앤고필름,필름다빈,2022-02-,개봉영화,장편,한국,17.0,,854.0,,604.0,가족,12세이상관람가,독립/예술영화,6.5,7.75
가무악칠채,"손인영,이재화",문화체육관광부 국립극장,(주)케빈앤컴퍼니,2022-03-,개봉영화,장편,한국,10.0,,337.0,,269.0,공연,전체관람가,일반영화,5.59,10.0
고양이들의 아파트,정재은,영화사 못,"(주)엣나인필름,(주)메타플레이",2022-03-,개봉영화,장편,한국,75.0,,,,,다큐멘터리,전체관람가,독립/예술영화,6.6,7.67
곡녀,정인철,대성필름,시네마 뉴원,2022-03-,개봉영화,장편,한국,7.0,,110.0,,103.0,드라마,12세이상관람가,독립/예술영화,1.0,6.4
뜨거운 피,천명관,주식회사 고래픽처스,"(주)스튜디오디에이치엘,(주)키다리스튜디오",2022-03-,개봉영화,장편,한국,,,,,,범죄,15세이상관람가,일반영화,5.5,7.29
소피의 세계,이제한,마름모필름,찬란,2022-03-,개봉영화,장편,한국,84.0,,,,,드라마,12세이상관람가,독립/예술영화,5.86,6.89
아이돌레시피,이호성,주식회사 스태프이데아,(주)드림팩트엔터테인먼트,2022-03-,개봉영화,장편,한국,11.0,,140.0,,68.0,코미디,15세이상관람가,독립/예술영화,5.59,6.84
역할들,연송하,쉼표,쉼표,2022-03-,개봉영화,장편,한국,5.0,,216.0,,210.0,드라마,12세이상관람가,독립/예술영화,5.59,9.07
이상한 나라의 수학자,박동훈,(주)조이래빗,(주)쇼박스,2022-03-,개봉영화,장편,한국,,,,,,드라마,12세이상관람가,일반영화,5.43,8.2
재춘언니,이수정,생의 한가운데,(주)시네마달,2022-03-,개봉영화,장편,한국,44.0,,,,919.0,다큐멘터리,12세이상관람가,독립/예술영화,7.0,8.39
테이블 매너,박장운,영화사 새삶,주식회사 씨엠닉스,2022-03-,개봉영화,장편,한국,4.0,,116.0,,18.0,드라마,15세이상관람가,독립/예술영화,5.59,6.33
하로동선,김시우,(주)나인테일즈코리아,주식회사 블루필름웍스,2022-03-,개봉영화,장편,한국,23.0,,546.0,,216.0,드라마,15세이상관람가,독립/예술영화,3.0,7.67
3.5교시,유희정,(주)써니엔터테인먼트,(주)드림팩트엔터테인먼트,2022-04-,개봉영화,장편,한국,6.0,,1.0,,1.0,미스터리,12세이상관람가,독립/예술영화,5.59,5.89
공기살인,조용선,"(주)마스터원엔터테인먼트,TCO(주)더콘텐츠온","TCO(주)더콘텐츠온,씨제이 씨지브이(CJ CGV)(주)",2022-04-,개봉영화,장편,한국,756.0,,,,,드라마,12세이상관람가,일반영화,5.0,8.55
니 부모 얼굴이 보고 싶다,김지훈,"(주)더타워픽쳐스,이십세기폭스 인터내셔널 프로덕션,(주)리버픽쳐스",(주)마인드마크,2022-04-,개봉영화,장편,한국,,,,,,드라마,15세이상관람가,일반영화,6.14,7.59
"다녀와요, 다녀왔습니다","손인영,윤재원",문화체육관광부 국립극장,(주)케빈앤컴퍼니,2022-04-,개봉영화,장편,한국,8.0,,44.0,,35.0,공연,전체관람가,일반영화,5.59,
말임씨를 부탁해,박경목,"(주)파란오이,안목",(주)씨네필운,2022-04-,개봉영화,장편,한국,197.0,,,,188.0,드라마,전체관람가,독립/예술영화,5.0,9.35
복지식당,"정재익,서태수",제주에스엘(주),㈜인디스토리,2022-04-,개봉영화,장편,한국,53.0,,,,,드라마,12세이상관람가,독립/예술영화,6.0,7.91
봄날,이돈구,(주)엠씨엠씨,(주)콘텐츠판다,2022-04-,개봉영화,장편,한국,455.0,,,,,드라마,15세관람가,독립/예술영화,7.0,7.56
부기나이트,김경엽,(주)콘텐츠지,(주)라온컴퍼니플러스,2022-04-,개봉영화,장편,한국,23.0,,,,794.0,코미디,15세이상관람가,일반영화,4.0,7.28
불도저에 탄 소녀,박이웅,(주)고집스튜디오,트윈플러스파트너스(주),2022-04-,개봉영화,장편,한국,203.0,,130.0,,30.0,드라마,15세이상관람가,독립/예술영화,5.5,7.2
서울괴담,홍원기,"쟈니브로스(주),메가박스중앙(주)플러스엠",메가박스중앙(주)플러스엠,2022-04-,개봉영화,장편,한국,474.0,,,,,공포(호러),15세이상관람가,일반영화,6.0,4.18
세븐틴 파워 오브 러브 : 더 무비,오윤동,씨제이포디플렉스 주식회사,"씨제이포디플렉스 주식회사,CGV ICECON",2022-04-,개봉영화,장편,한국,151.0,,,,,공연,전체관람가,일반영화,5.59,9.41
소설가의 영화,홍상수,(주)영화제작전원사,"(주)영화제작전원사 ,(주)콘텐츠판다",2022-04-,개봉영화,장편,한국,66.0,,,,,드라마,12세이상관람가,독립/예술영화,8.0,7.67
스텔라,권수경,(주)데이드림엔터테인먼트,씨제이 씨지브이(CJ CGV)(주),2022-04-,개봉영화,장편,한국,690.0,,68.0,,,코미디,15세이상관람가,일반영화,5.59,7.44
쓰리: 아직 끝나지 않았다,박루슬란,아슬란필름,필름다빈,2022-04-,개봉영화,장편,한국,77.0,,,,,드라마,15세이상관람가,독립/예술영화,7.0,6.7
엄마와 나,연왕모,모모루덴스,(주)드림팩트엔터테인먼트,2022-04-,개봉영화,장편,한국,7.0,,6.0,,,다큐멘터리,전체관람가,독립/예술영화,5.59,9.67
"위대한 계약: 파주, 책, 도시","김종신,정다운",기린그림,(주)영화사 진진,2022-04-,개봉영화,장편,한국,30.0,,,,464.0,다큐멘터리,전체관람가,독립/예술영화,5.5,8.4
태어나길 잘했어,최진영,대장정,그린나래미디어(주),2022-04-,개봉영화,장편,한국,50.0,,715.0,,399.0,드라마,12세이상관람가,독립/예술영화,5.67,8.13
평평남녀,김수정,"브릿지 프로덕션,냉이영화",영화배급협동조합 씨네소파,2022-04-,개봉영화,장편,한국,30.0,,596.0,,280.0,드라마,12세이상관람가,독립/예술영화,5.5,5.8
헝거,강다연,영화사 케디필름,"(주)디오시네마,(주)태양미디어그룹",2022-04-,개봉영화,장편,한국,20.0,,160.0,,57.0,SF,12세이상관람가,독립/예술영화,5.5,6.67
그대가 조국,이승준,(주)켈빈클레인프로젝트,(주)엣나인필름,2022-05-,개봉영화,장편,한국,601.0,,,,,다큐멘터리,12세이상관람가,독립/예술영화,5.0,7.05
마지막부자 최준,장태령,주식회사 케이엠스타,주식회사 케이엠스타,2022-05-,개봉영화,장편,한국,1.0,,220.0,,220.0,드라마,12세이상관람가,일반영화,5.59,7.44
메이드인세운상가,이상식,(주)더존크리에이티브,(주)더존크리에이티브,2022-05-,개봉영화,장편,한국,9.0,,114.0,,72.0,공연,15세이상관람가,일반영화,5.59,
명색이 아프레걸,김광보,문화체육관광부 국립극장,(주)케빈앤컴퍼니,2022-05-,개봉영화,장편,한국,9.0,,81.0,,50.0,공연,전체관람가,일반영화,5.59,10.0
범죄도시 2,이상용,"주식회사 빅펀치픽쳐스,(주)홍필름,(주)비에이엔터테인먼트","주식회사 에이비오엔터테인먼트,메가박스중앙(주)플러스엠",2022-05-,개봉영화,장편,한국,,,,,,범죄,15세이상관람가,일반영화,6.56,9.32
봉명주공,김기성,케프-ㄹ러49,(주)시네마달,2022-05-,개봉영화,장편,한국,24.0,,,,985.0,다큐멘터리,전체관람가,독립/예술영화,7.0,7.17
쏴!쏴!쏴!쏴!탕,김재한,상남영화제작소,상남영화제작소,2022-05-,개봉영화,장편,한국,3.0,,223.0,,22.0,드라마,12세이상관람가,독립/예술영화,5.59,5.89
"아치의 노래, 정태춘",고영재,(주)인디플러그,(주)넥스트엔터테인먼트월드(NEW),2022-05-,개봉영화,장편,한국,149.0,,,,,다큐멘터리,전체관람가,독립/예술영화,6.5,9.35
안녕하세요,차봉주,"(주)디엔디픽쳐스,(유)안녕하세요",(주)디스테이션,2022-05-,개봉영화,장편,한국,297.0,,,,,드라마,12세이상관람가,일반영화,6.0,8.74
액션동자,최영민,수리수리마수리,(주)드림팩트엔터테인먼트,2022-05-,개봉영화,장편,한국,9.0,,374.0,,240.0,액션,전체관람가,독립/예술영화,5.0,8.73
어부바,최종학,"(주)글로빅엔터테인먼트,(주)에이치에이케이프로덕션",(주)트리플픽쳐스,2022-05-,개봉영화,장편,한국,327.0,,,,,가족,전체관람가,독립/예술영화,4.0,4.77
영희,차상민,주식회사 씨엠닉스,주식회사 씨엠닉스,2022-05-,개봉영화,장편,한국,4.0,,578.0,,24.0,코미디,15세이상관람가,독립/예술영화,5.59,6.47
오마주,신수원,(주)준필름,트윈플러스파트너스(주),2022-05-,개봉영화,장편,한국,133.0,,,,,드라마,12세이상관람가,독립/예술영화,7.25,8.36
인연을 긋다,이정섭,(주)해오름이앤티,시네마 뉴원,2022-05-,개봉영화,장편,한국,12.0,,280.0,,245.0,드라마,12세이상관람가,일반영화,6.0,6.22
피는 물보다 진하다,김희성,(주)도어이앤엠,(주)이놀미디어,2022-05-,개봉영화,장편,한국,78.0,,,,,액션,15세이상관람가,일반영화,3.0,4.6
핑크퐁과 아기상어의 월드투어쇼,이승규,CGV ICECON,CGV ICECON,2022-05-,개봉영화,장편,한국,39.0,,,,325.0,공연,전체관람가,일반영화,5.59,7.44
"허황옥 3일, 잃어버린 2천 년의 기억",진재운,(주)KNN,(주)영화사 그램,2022-05-,개봉영화,장편,한국,21.0,,783.0,,265.0,다큐멘터리,전체관람가,독립/예술영화,6.0,6.0
히든,한종훈,"(주)모그픽쳐스,(주)빛그림픽처스",(주)박수엔터테인먼트,2022-05-,개봉영화,장편,한국,51.0,,,,364.0,액션,15세이상관람가,일반영화,5.59,6.24
#해시태그,이상식,(주)더존크리에이티브,(주)더존크리에이티브,2022-06-,개봉영화,장편,한국,8.0,,173.0,,118.0,공연,12세이상관람가,일반영화,5.59,7.44
감동주의보,김우석,(주)글로빅엔터테인먼트,(주)스튜디오 보난자,2022-06-,개봉영화,장편,한국,28.0,,,,,멜로/로맨스,전체관람가,독립/예술영화,5.59,7.81
갓길로 달리는 코뿔소,황동석,"A18픽쳐스,(주)26컴퍼니",(주)26컴퍼니,2022-06-,개봉영화,장편,한국,6.0,,365.0,,185.0,드라마,15세이상관람가,독립/예술영화,6.0,9.38
경아의 딸,김정은,주마등필름,㈜인디스토리,2022-06-,개봉영화,장편,한국,53.0,,,,,드라마,15세이상관람가,독립/예술영화,6.2,8.62
"괴물, 유령, 자유인",홍지영,,(주)스튜디오 보난자,2022-06-,개봉영화,장편,한국,13.0,,551.0,,469.0,SF,15세이상관람가,독립/예술영화,5.59,7.26
그대라는기억 연숙씨,심미희,드림채널,"(주)드림팩트엔터테인먼트,주식회사 블루필름웍스",2022-06-,개봉영화,장편,한국,20.0,,794.0,,443.0,다큐멘터리,전체관람가,독립/예술영화,5.0,9.16
극장판 윌벤져스 : 수상한 캠핑 대소동,"신창환,류정우",(주)스튜디오게일,(주)대교 미디어콘텐츠사업본부,2022-06-,개봉영화,장편,한국,110.0,,,,,애니메이션,전체관람가,독립/예술영화,5.0,9.1
꼭두각시,이상식,(주)더존크리에이티브,(주)더존크리에이티브,2022-06-,개봉영화,장편,한국,6.0,,36.0,,24.0,공연,12세이상관람가,일반영화,5.59,7.44
니얼굴,서동일,두물머리픽쳐스,(주)영화사 진진,2022-06-,개봉영화,장편,한국,65.0,,,,,다큐멘터리,전체관람가,독립/예술영화,7.0,9.37
대가리2-학교무림,이수성,㈜리필름,(주)케이알씨지,2022-06-,개봉영화,장편,한국,1.0,,1.0,,1.0,액션,15세이상관람가,일반영화,5.59,4.07
대가리3-일진후배들,이수성,㈜리필름,(주)케이알씨지,2022-06-,개봉영화,장편,한국,1.0,,1.0,,1.0,액션,15세이상관람가,일반영화,5.59,7.44
두개의 눈,박우재,문화체육관광부 국립극장,(주)이놀미디어,2022-06-,개봉영화,장편,한국,9.0,,205.0,,182.0,공연,전체관람가,일반영화,5.59,5.5
룸 쉐어링,이순성,주식회사 티에스나린시네마,"주식회사 엔픽플,트윈플러스파트너스(주)",2022-06-,개봉영화,장편,한국,122.0,,,,,드라마,전체관람가,독립/예술영화,5.0,8.46
마녀(魔女) Part2. The Other One,박훈정,"(주)영화사 금월,(주)스튜디오앤뉴,(주)페퍼민트앤컴퍼니",(주)넥스트엔터테인먼트월드(NEW),2022-06-,개봉영화,장편,한국,,,,,,액션,15세이상관람가,일반영화,5.29,6.59
모어,이일하,,(주)엣나인필름,2022-06-,개봉영화,장편,한국,54.0,,,,,다큐멘터리,15세이상관람가,독립/예술영화,7.38,9.41
보통의 용기,구민정,KBS,(주)드림팩트엔터테인먼트,2022-06-,개봉영화,장편,한국,7.0,,163.0,,159.0,다큐멘터리,전체관람가,일반영화,6.0,8.48
브로커,고레에다 히로카즈,영화사 집,(주)씨제이이엔엠,2022-06-,개봉영화,장편,한국,,,,,,드라마,12세이상관람가,일반영화,6.63,5.56
비욘드 라이브 더 무비 : 샤이니 월드,,씨제이 씨지브이(CJ CGV)(주),씨제이 씨지브이(CJ CGV)(주),2022-06-,개봉영화,장편,한국,13.0,,,,997.0,공연,전체관람가,일반영화,5.59,7.44
아부쟁이,황승재,(주)해오름이앤티,시네마 뉴원,2022-06-,개봉영화,장편,한국,41.0,,896.0,,411.0,액션,15세이상관람가,일반영화,5.59,5.89
우스운게 딱! 좋아!,"김현,정혜연",,필름다빈,2022-06-,개봉영화,옴니버스,한국,14.0,,658.0,,563.0,드라마,15세이상관람가,독립/예술영화,6.0,7.26
위대한 침묵,송상민,(주)지티지그룹,"(주)지티지그룹,와이드 릴리즈(주)",2022-06-,개봉영화,장편,한국,48.0,,,,560.0,다큐멘터리,12세이상관람가,일반영화,5.59,8.59
윤시내가 사라졌다,김진화,한국영화아카데미,"(주)블루라벨픽쳐스,디스트릭 몽",2022-06-,개봉영화,장편,한국,51.0,,,,,드라마,12세이상관람가,독립/예술영화,6.67,7.99
이공삼칠,모홍진,"모티브픽쳐스(주),(주)재크필름",(주)씨네필운,2022-06-,개봉영화,장편,한국,89.0,,,,,가족,15세이상관람가,독립/예술영화,5.0,7.62
이상한 나라의 아빠,이상식,(주)더존크리에이티브,(주)더존크리에이티브,2022-06-,개봉영화,장편,한국,9.0,,217.0,,122.0,뮤지컬,전체관람가,일반영화,5.59,7.44
카시오페아,신연식,(주) 루스이소니도스,(주)트리플픽쳐스,2022-06-,개봉영화,장편,한국,175.0,,,,,드라마,12세이상관람가,독립/예술영화,6.5,9.1
헤어질 결심,박찬욱,(주)모호필름,(주)씨제이이엔엠,2022-06-,개봉영화,장편,한국,,,,,,미스터리,15세이상관람가,일반영화,8.71,8.68
뒤틀린 집,강동헌,(주)테이크원스튜디오,(주)스튜디오디에이치엘,2022-07-,개봉영화,장편,한국,156.0,,,,,공포(호러),15세이상관람가,일반영화,5.0,4.17
비욘드 라이브 더 무비: 엑소의 사다리 타고 세계여행3,최소망,(주)에스엠 컬처앤콘텐츠,씨제이 씨지브이(CJ CGV)(주),2022-07-,개봉영화,장편,한국,18.0,,,,,코미디,전체관람가,일반영화,5.59,9.73
뽀로로 극장판 드래곤캐슬 대모험,"강승훈,윤제완",(주)오콘,(주)넥스트엔터테인먼트월드(NEW),2022-07-,개봉영화,장편,한국,748.0,,,,,애니메이션,전체관람가,일반영화,6.0,9.11
뿌까의 짜장면파티,박상용,(주)에픽캔,(주)에픽캔,2022-07-,개봉영화,장편,한국,11.0,,,,504.0,기타,전체관람가,일반영화,5.59,7.44
스파이형 모델,김영일,워스트케이스 시나리오,주식회사 씨엠닉스,2022-07-,개봉영화,장편,한국,3.0,,111.0,,58.0,SF,15세이상관람가,독립/예술영화,5.59,7.0
아이를 위한 아이,이승환,(주)고집스튜디오,(주)트리플픽쳐스,2022-07-,개봉영화,장편,한국,51.0,,,,,기타,12세이상관람가,독립/예술영화,5.33,8.51
외계+인 1부,최동훈,(주)케이퍼필름,(주)씨제이이엔엠,2022-07-,개봉영화,장편,한국,,,,,,액션,12세이상관람가,일반영화,6.0,7.53
초록밤,윤서진,디파이언트,㈜인디스토리,2022-07-,개봉영화,장편,한국,31.0,,,,,기타,15세이상관람가,독립/예술영화,7.0,8.24
한산: 용의 출현,김한민,(주)빅스톤픽쳐스,롯데컬처웍스(주)롯데엔터테인먼트,2022-07-,개봉영화,장편,한국,,,,,,액션,12세이상관람가,일반영화,6.89,8.75
핸썸,김동욱,(주)모그픽쳐스,(주)박수엔터테인먼트,2022-07-,개봉영화,장편,한국,37.0,,,,741.0,코미디,12세이상관람가,일반영화,5.59,2.81
내가 못 나가는 것도 아닌데,김충길,김충길 필름,김충길 필름,2022-08-,개봉영화,장편,한국,4.0,,48.0,,27.0,드라마,12세이상관람가,독립/예술영화,5.59,7.82
녹턴,정관조,미디어나무,(주)시네마달,2022-08-,개봉영화,장편,한국,54.0,,,,,다큐멘터리,12세이상관람가,독립/예술영화,6.5,9.31
리미트,이승준,"(주)베러투모로우,나로픽처스(주),(유)조이앤시네마","TCO(주)더콘텐츠온,(주)제이앤씨미디어그룹",2022-08-,개봉영화,장편,한국,687.0,,,,,범죄,15세이상관람가,일반영화,4.0,4.75
말아,곽민승,왓에버웍스,㈜인디스토리,2022-08-,개봉영화,장편,한국,33.0,,,,,드라마,12세이상관람가,독립/예술영화,5.8,7.75
모퉁이,신선,,(주)영화사 그램,2022-08-,개봉영화,장편,한국,20.0,,,,863.0,드라마,12세이상관람가,독립/예술영화,6.0,8.27
비상선언,한재림,"(주)매그넘나인,(주)씨제스엔터테인먼트,씨네주 유한회사",(주)쇼박스,2022-08-,개봉영화,장편,한국,,,,,,드라마,12세이상관람가,일반영화,6.27,6.47
시맨틱 에러: 더 무비,김수정,주식회사 왓챠,주식회사 왓챠,2022-08-,개봉영화,장편,한국,54.0,,,,,멜로/로맨스,12세이상관람가,일반영화,5.5,9.42
어웨이크,이윤호,주식회사 티에스나린시네마,"주식회사 엔픽플,트윈플러스파트너스(주)",2022-08-,개봉영화,장편,한국,72.0,,,,,미스터리,15세이상관람가,독립/예술영화,5.59,6.18
오싹한 동거,황경성,(주)컨택트미디어,(주)컨택트미디어,2022-08-,개봉영화,장편,한국,5.0,,542.0,,481.0,멜로/로맨스,12세이상관람가,일반영화,5.59,7.44
육사오(6/45),박규태,"(주)티피에스컴퍼니,(주)싸이더스","(주)홈초이스,(주)싸이더스",2022-08-,개봉영화,장편,한국,,,,,,코미디,12세이상관람가,일반영화,6.0,8.58
인플루엔자,황준하,아이 엠,아이 엠,2022-08-,개봉영화,장편,한국,15.0,,534.0,,414.0,드라마,15세이상관람가,독립/예술영화,5.5,6.91
작은새와 돼지씨,김새봄,레드펀트,필름다빈,2022-08-,개봉영화,장편,한국,9.0,,525.0,,416.0,다큐멘터리,전체관람가,독립/예술영화,5.8,9.2
코코순이,이석재,"KBS,커넥트픽쳐스(주)",커넥트픽쳐스(주),2022-08-,개봉영화,장편,한국,50.0,,,,,다큐멘터리,전체관람가,독립/예술영화,6.5,9.69
콘서트를 지켜라,"이미리,설민아",(주)캐리소프트,롯데컬처웍스(주)롯데엔터테인먼트,2022-08-,개봉영화,장편,한국,19.0,,710.0,,460.0,공연,전체관람가,일반영화,5.59,7.0
테이크 오프: 파도위에 서다,강대희,"데이 나이트 컴퍼니,(주)프레임픽쳐스",(주)아우라픽처스,2022-08-,개봉영화,장편,한국,4.0,,169.0,,151.0,드라마,12세이상관람가,독립/예술영화,5.0,7.54
투란도트 어둠의 왕국,김시우,(주)나인테일즈코리아,주식회사 블루필름웍스,2022-08-,개봉영화,장편,한국,18.0,,966.0,,197.0,뮤지컬,12세이상관람가,일반영화,5.0,9.44
파로호,임상수,한국영화아카데미,(주)더쿱디스트리뷰션,2022-08-,개봉영화,장편,한국,51.0,,,,,스릴러,15세이상관람가,독립/예술영화,5.83,6.94
2차 송환,김동원,푸른영상,(주)시네마달,2022-09-,개봉영화,장편,한국,16.0,,415.0,,373.0,다큐멘터리,12세이상관람가,독립/예술영화,8.2,6.44
EBS친구들 씽씽 댄스파티,,한국교육방송공사 EBS,(주)에픽캔,2022-09-,개봉영화,장편,한국,1.0,,60.0,,22.0,가족,전체관람가,일반영화,5.59,7.44
공조2: 인터내셔날,이석훈,"(주)제이케이필름,(주)씨제이이엔엠",(주)씨제이이엔엠,2022-09-,개봉영화,장편,한국,,,,,,액션,15세이상관람가,일반영화,5.5,8.44
극장판 엄마 까투리: 도시로 간 까투리 가족,정길훈,(주)퍼니플럭스,(주)넥스트엔터테인먼트월드(NEW),2022-09-,개봉영화,장편,한국,616.0,,,,,애니메이션,전체관람가,일반영화,5.5,9.14
극장판 헬로카봇: 수상한 마술단의 비밀,"최신규,이슬기,정승원","(주)초이락컨텐츠컴퍼니,스튜디오더블유바바(주)",롯데컬처웍스(주)롯데엔터테인먼트,2022-09-,개봉영화,장편,한국,790.0,,,,,애니메이션,전체관람가,일반영화,5.59,8.4
기기묘묘,"이탁,남순아,심규호,김동식",,필름다빈,2022-09-,개봉영화,옴니버스,한국,24.0,,,,872.0,공포(호러),15세이상관람가,독립/예술영화,6.5,5.91
달이 지는 밤,"김종관,장건재",(재)무주산골문화재단,(주)디오시네마,2022-09-,개봉영화,장편,한국,47.0,,,,,드라마,15세이상관람가,독립/예술영화,7.17,6.63
당신의 이웃은 친절하지 않다,안드로,(주)빅픽처,주식회사 씨엠닉스,2022-09-,개봉영화,장편,한국,9.0,,395.0,,250.0,미스터리,15세이상관람가,독립/예술영화,5.59,7.47
둠둠,정원희,(주)이스트게이트컴퍼니,(주)영화사 진진,2022-09-,개봉영화,장편,한국,74.0,,,,,드라마,15세이상관람가,독립/예술영화,5.75,8.06
로보카폴리 안전교실 교통편,엄준영,(주)로이비쥬얼,(주)로이비쥬얼,2022-09-,개봉영화,장편,한국,16.0,,,,,애니메이션,전체관람가,일반영화,5.59,7.44
물방울을 그리는 남자,"김오안,브리짓 부이요",(주)미루픽처스,(주)영화사 진진,2022-09-,개봉영화,장편,한국,47.0,,,,,다큐멘터리,전체관람가,독립/예술영화,7.25,8.98
부적: 남의 운을 빼앗는 자,김세성,머지션스토어,(주)트리플픽쳐스,2022-09-,개봉영화,장편,한국,6.0,,662.0,,336.0,액션,12세이상관람가,독립/예술영화,5.59,8.84
성덕,오세연,해랑사,오드,2022-09-,개봉영화,장편,한국,60.0,,,,,다큐멘터리,12세이상관람가,독립/예술영화,6.5,8.15
성적표의 김민영,"이재은,임지선",탁구필름,(주)엣나인필름,2022-09-,개봉영화,장편,한국,48.0,,,,,드라마,전체관람가,독립/예술영화,6.91,8.26
썬더버드,이재원,한국영화아카데미,(주)트리플픽쳐스,2022-09-,개봉영화,장편,한국,99.0,,,,,드라마,15세이상관람가,독립/예술영화,6.0,6.3
오! 마이 고스트,홍태선,"한국영상대학교,필름에이픽쳐스,주식회사 제이씨엔터웍스","(주)디스테이션,주식회사 제이씨엔터웍스",2022-09-,개봉영화,장편,한국,283.0,,,,,코미디,15세이상관람가,독립/예술영화,4.0,4.52
인생은 뷰티풀: 비타돌체,"김선형,오윤동",씨제이포디플렉스 주식회사,"씨제이 씨지브이(CJ CGV)(주),씨제이포디플렉스 주식회사",2022-09-,개봉영화,장편,한국,107.0,,,,,다큐멘터리,전체관람가,일반영화,5.59,9.7
인생은 아름다워,최국희,더램프(주),롯데컬처웍스(주)롯데엔터테인먼트,2022-09-,개봉영화,장편,한국,,,,,,뮤지컬,12세이상관람가,일반영화,5.67,9.22
정직한 후보2,장유정,"(주)수필름,(주)홍필름",(주)넥스트엔터테인먼트월드(NEW),2022-09-,개봉영화,장편,한국,,,,,,코미디,12세이상관람가,일반영화,5.75,5.99
주연,송원준,영화사 퐑,(주)마노엔터테인먼트,2022-09-,개봉영화,장편,한국,20.0,,363.0,,302.0,드라마,12세이상관람가,독립/예술영화,5.59,8.04
쥬라기캅스 극장판: 공룡시대 대모험,김호락,(주)스튜디오버튼,메가박스중앙(주)플러스엠,2022-09-,개봉영화,장편,한국,453.0,,,,,애니메이션,전체관람가,일반영화,6.0,7.59
프린세스 아야,이성강,"주식회사 다다쇼,(주)영화사레드피터",씨제이 씨지브이(CJ CGV)(주),2022-09-,개봉영화,장편,한국,348.0,,,,,판타지,전체관람가,일반영화,5.0,7.38
홈리스,임승현,"(주)타이거시네마,DGC",그린나래미디어(주),2022-09-,개봉영화,장편,한국,86.0,,,,,드라마,12세이상관람가,독립/예술영화,5.59,7.44
