MOVIE_NM,DRCTR_NM,MAKR_NM,DISTB_CMPNY_NM,OPN_DE,MOVIE_TY_NM,MOVIE_STLE_NM,NLTY_NM,TOT_SCRN_CO,VIEWNG_NMPR_CO,SEOUL_VIEWNG_NMPR_CO,GENRE_NM,GRAD_NM,MOVIE_SDIV_NM,CRITIC_RT,VIEWER_RT,YEAR,MONTH,DISTB_CMPNY_COUNT,SUCCESS
산상수훈,유영의,(주)그란,"['이언픽쳐스', '(주)그란']",20171207,개봉영화,장편,한국,71.0,284.0,284.0,드라마,전체관람가,독립/예술영화,3.0,6.3,2017,12,2,0.0
교회오빠,이호경,"KBS,커넥트픽쳐스(주)",['커넥트픽쳐스(주)'],20190516,개봉영화,장편,한국,200.0,154.0,154.0,다큐멘터리,전체관람가,독립/예술영화,5.59,9.31,2019,05,1,0.0
기생충,봉준호,(주)바른손이앤에이,['(주)씨제이이엔엠'],20190530,개봉영화,장편,한국,1948.0,227811.0,97354.0,드라마,15세이상관람가,일반영화,9.06,8.49,2019,05,1,1.0
이타미 준의 바다,정다운,기린그림,['(주)영화사 진진'],20190815,개봉영화,장편,한국,57.0,144.0,144.0,다큐멘터리,전체관람가,독립/예술영화,6.5,8.96,2019,08,1,0.0
벌새,김보라,에피파니(주),"['(주)엣나인필름', '(주)콘텐츠판다']",20190829,개봉영화,장편,한국,145.0,2721.0,2082.0,드라마,15세이상관람가,독립/예술영화,5.59,7.44,2019,08,2,1.0
메기,이옥섭,"국가인권위원회,2X9HD","['(주)엣나인필름', 'CGV아트하우스']",20190926,개봉영화,장편,한국,155.0,745.0,632.0,미스터리,15세이상관람가,독립/예술영화,6.83,8.15,2019,09,2,0.0
북간도의 십자가,반태경,(재)CBS,"['(재)CBS', '주식회사 마운틴픽쳐스']",20191017,개봉영화,장편,한국,123.0,52.0,52.0,다큐멘터리,전체관람가,독립/예술영화,5.59,7.9,2019,10,2,0.0
82년생 김지영,김도영,(주)봄바람영화사,['롯데컬처웍스(주)롯데엔터테인먼트'],20191023,개봉영화,장편,한국,1486.0,863.0,189.0,드라마,12세이상관람가,일반영화,6.79,6.67,2019,10,1,0.0
블랙머니,정지영,"유한회사 질라라비,(주)아우라픽처스",['(주)에이스메이커무비웍스'],20191113,개봉영화,장편,한국,1117.0,700.0,490.0,범죄,12세이상관람가,일반영화,5.59,7.44,2019,11,1,0.0
대통령의 7시간,이상호,(주)씨네포트,"['(주)씨네포트', '주식회사 마운틴픽쳐스']",20191114,개봉영화,장편,한국,84.0,256.0,108.0,다큐멘터리,12세이상관람가,독립/예술영화,5.59,6.0,2019,11,2,0.0
삽질,김병기,ohmynews,['(주)엣나인필름'],20191114,개봉영화,장편,한국,171.0,294.0,284.0,다큐멘터리,12세이상관람가,독립/예술영화,6.0,6.43,2019,11,1,0.0
윤희에게,임대형,영화사 달리기,['(주)리틀빅픽쳐스'],20191114,개봉영화,장편,한국,317.0,5224.0,3241.0,멜로/로맨스,12세이상관람가,독립/예술영화,6.71,8.96,2019,11,1,1.0
어제 일은 모두 괜찮아,이성한,(주)부영엔터테인먼트,['(주)삼백상회'],20191121,개봉영화,장편,한국,87.0,1095.0,1095.0,드라마,15세이상관람가,독립/예술영화,4.0,8.79,2019,11,1,1.0
헤로니모,전후석,커넥트픽쳐스(주),['커넥트픽쳐스(주)'],20191121,개봉영화,장편,한국,68.0,842.0,218.0,다큐멘터리,전체관람가,독립/예술영화,6.33,9.46,2019,11,1,0.0
녹차의 중력,정성일,영화사 키노(주),['주식회사 마운틴픽쳐스'],20191128,개봉영화,장편,한국,4.0,102.0,58.0,다큐멘터리,전체관람가,독립/예술영화,5.59,7.6,2019,11,1,0.0
집 이야기,박제범,(주)영화사지음,['CGV아트하우스'],20191128,개봉영화,장편,한국,82.0,45.0,15.0,드라마,12세이상관람가,독립/예술영화,6.25,9.09,2019,11,1,0.0
행동하는 양심 김대중,신상민,명량문화재단,['주식회사 마운틴픽쳐스'],20191128,개봉영화,장편,한국,86.0,200.0,200.0,다큐멘터리,12세이상관람가,독립/예술영화,5.67,3.34,2019,11,1,0.0
이태원,강유가람,영희야 놀자,['KT&G 상상마당 영화사업팀 컴퍼니에스에스(주)'],20191205,개봉영화,장편,한국,15.0,960.0,844.0,다큐멘터리,15세이상관람가,독립/예술영화,5.59,7.44,2019,12,1,1.0
아내를 죽였다,김하라,단테미디어랩,['케이티하이텔(주)'],20191211,개봉영화,장편,한국,556.0,5798.0,5765.0,스릴러,15세이상관람가,독립/예술영화,5.59,5.06,2019,12,1,1.0
디아스포라의 노래 : 아리랑 로드,이규철,KBS 미디어,['(주)드림팩트엔터테인먼트'],20191212,개봉영화,장편,한국,7.0,863.0,2.0,다큐멘터리,전체관람가,독립/예술영화,5.0,8.11,2019,12,1,0.0
라스트 씬,박배일,오지필름,['(주)시네마달'],20191212,개봉영화,장편,한국,7.0,68.0,17.0,다큐멘터리,전체관람가,독립/예술영화,5.67,7.11,2019,12,1,0.0
영화로운 나날,이상덕,콧수염필름즈,['㈜인디스토리'],20191212,개봉영화,장편,한국,17.0,493.0,387.0,멜로/로맨스,12세이상관람가,독립/예술영화,5.75,8.51,2019,12,1,0.0
월성,"남태제,김성환",한국탐사저널리즘센터,['(주)리틀빅픽쳐스'],20191212,개봉영화,장편,한국,26.0,468.0,36.0,다큐멘터리,전체관람가,독립/예술영화,4.67,6.25,2019,12,1,0.0
시동,최정열,(주)외유내강,['(주)넥스트엔터테인먼트월드(NEW)'],20191218,개봉영화,장편,한국,1515.0,791052.0,158887.0,드라마,15세이상관람가,일반영화,6.0,7.57,2019,12,1,1.0
기억할 만한 지나침,박영임,순리필름,['영화배급협동조합 씨네소파'],20191219,개봉영화,장편,한국,2.0,187.0,67.0,드라마,15세이상관람가,독립/예술영화,5.67,7.44,2019,12,1,0.0
백두산,"이해준,김병서","주식회사 덱스터 픽쳐스,(주)퍼펙트스톰필름,(주)씨제이이엔엠","['(주)씨제이이엔엠', '(주)덱스터스튜디오']",20191219,개봉영화,장편,한국,1971.0,1962167.0,406602.0,어드벤처,12세이상관람가,일반영화,5.67,5.74,2019,12,2,1.0
신비아파트 극장판 하늘도깨비 대 요르문간드,변영규,(주)씨제이이엔엠,['(주)씨제이이엔엠'],20191219,개봉영화,장편,한국,841.0,221099.0,25888.0,애니메이션,전체관람가,일반영화,6.0,8.54,2019,12,1,1.0
탈출,이숭환,(주)케이알씨지,['(주)케이알씨지'],20191219,개봉영화,장편,한국,5.0,33.0,1.0,드라마,12세이상관람가,독립/예술영화,5.59,7.44,2019,12,1,0.0
호흡,권만기,한국영화아카데미,['(주)영화사 그램'],20191219,개봉영화,장편,한국,22.0,246.0,65.0,드라마,15세이상관람가,독립/예술영화,5.59,7.44,2019,12,1,0.0
천문: 하늘에 묻는다,허진호,(주)하이브미디어코프,['롯데컬처웍스(주)롯데엔터테인먼트'],20191226,개봉영화,장편,한국,1198.0,1034866.0,260317.0,사극,12세이상관람가,일반영화,6.7,8.81,2019,12,1,1.0
잊지 않았어요,박용철,청개구리필름,['주식회사 씨엠닉스'],20200101,개봉영화,장편,한국,1.0,75.0,75.0,기타,15세이상관람가,독립/예술영화,5.59,7.44,2020,01,1,0.0
청춘빌라 살인사건,신해강,(주)메가폰엔터테인먼트,['(주)미로스페이스'],20200102,개봉영화,장편,한국,6.0,1068.0,337.0,코미디,15세이상관람가,독립/예술영화,5.33,6.81,2020,01,1,1.0
몽마르트 파파,민병우,"웃음을 주는 영화,(주)해밀픽쳐스",['(주)트리플픽쳐스'],20200109,개봉영화,장편,한국,42.0,6580.0,3124.0,다큐멘터리,전체관람가,독립/예술영화,6.0,9.48,2020,01,1,1.0
울지마 톤즈 2 : 슈크란 바바,강성옥,"KBS 미디어,(주)드림팩트엔터테인먼트,원피스",['(주)영화특별시에스엠씨'],20200109,개봉영화,장편,한국,232.0,19632.0,7366.0,다큐멘터리,전체관람가,독립/예술영화,4.0,9.44,2020,01,1,1.0
해치지않아,손재곤,"(주)디씨지플러스,(주)어바웃필름",['(주)에이스메이커무비웍스'],20200115,개봉영화,장편,한국,1216.0,1209689.0,262944.0,코미디,12세이상관람가,일반영화,6.5,6.2,2020,01,1,1.0
갱,조바른,"(주)스토리풀,(주)컨텐츠 빌리지,(주)모그픽쳐스",['(주)삼백상회'],20200116,개봉영화,장편,한국,53.0,9463.0,222.0,액션,15세이상관람가,독립/예술영화,6.0,6.02,2020,01,1,1.0
엄마 바람피게하기,윤원규,주식회사 마운틴픽쳐스,['주식회사 마운틴픽쳐스'],20200116,개봉영화,장편,한국,5.0,92.0,75.0,코미디,12세이상관람가,독립/예술영화,5.59,5.59,2020,01,1,0.0
남산의 부장들,우민호,(주)하이브미디어코프,['(주)쇼박스'],20200122,개봉영화,장편,한국,1659.0,4750104.0,1113402.0,드라마,15세이상관람가,일반영화,6.9,7.47,2020,01,1,1.0
미스터 주: 사라진 VIP,김태윤,리양필름(주),"['메가박스중앙(주)플러스엠', '(주)리틀빅픽쳐스']",20200122,개봉영화,장편,한국,692.0,601675.0,115640.0,코미디,12세이상관람가,일반영화,4.5,4.57,2020,01,2,1.0
히트맨,최원섭,베리굿스튜디오(주),['롯데컬처웍스(주)롯데엔터테인먼트'],20200122,개봉영화,장편,한국,1122.0,2406232.0,472840.0,코미디,15세이상관람가,일반영화,5.59,7.44,2020,01,1,1.0
작은 빛,조민재,영화사 낭,['(주)시네마달'],20200123,개봉영화,장편,한국,21.0,1926.0,1427.0,드라마,12세이상관람가,독립/예술영화,8.67,7.26,2020,01,1,1.0
성혜의 나라,정형석,닷 팩토리,['아이 엠'],20200130,개봉영화,장편,한국,28.0,1785.0,1275.0,드라마,12세이상관람가,독립/예술영화,6.0,7.41,2020,01,1,1.0
핑크퐁 시네마 콘서트 : 우주대탐험,변희선,스마트스터디(주),['스마트스터디(주)'],20200130,개봉영화,장편,한국,182.0,15229.0,3700.0,애니메이션,전체관람가,일반영화,5.59,8.81,2020,01,1,1.0
클로젯,김광빈,"(주)영화사 월광,(주)퍼펙트스톰필름",['(주)씨제이이엔엠'],20200205,개봉영화,장편,한국,1197.0,1264970.0,286754.0,미스터리,15세이상관람가,일반영화,5.5,6.39,2020,02,1,1.0
극장판 미니특공대: 공룡왕 디노,이영준,(주)삼지애니메이션,['(주)리틀빅픽쳐스'],20200206,개봉영화,장편,한국,485.0,78929.0,10052.0,애니메이션,전체관람가,일반영화,5.0,8.76,2020,02,1,1.0
정직한 후보,장유정,"(주)수필름,(주)홍필름",['(주)넥스트엔터테인먼트월드(NEW)'],20200212,개봉영화,장편,한국,1187.0,1525718.0,331403.0,코미디,12세이상관람가,일반영화,5.75,5.99,2020,02,1,1.0
혼 : 공포의 시작,유성호,영화사 딴판,['(주)드림팩트엔터테인먼트'],20200213,개봉영화,장편,한국,9.0,131.0,32.0,공포(호러),12세이상관람가,독립/예술영화,5.59,4.02,2020,02,1,0.0
기도하는 남자,강동헌,"영화사 연,클리어마인드스튜디오(주)",['(주)랠리버튼'],20200220,개봉영화,장편,한국,34.0,1616.0,1067.0,드라마,15세이상관람가,독립/예술영화,6.0,8.3,2020,02,1,1.0
기억의 전쟁,이길보라,영화사고래,['(주)시네마달'],20200227,개봉영화,장편,한국,14.0,1882.0,1571.0,다큐멘터리,12세이상관람가,독립/예술영화,6.5,7.48,2020,02,1,1.0
장마,"이용남,음정현",영화사 무명,['영화사 무명'],20200227,개봉영화,장편,한국,1.0,1962.0,1945.0,다큐멘터리,전체관람가,독립/예술영화,5.59,9.44,2020,02,1,1.0
찬실이는 복도 많지,김초희,"(주)지이프로덕션,(주)사이드미러",['찬란'],20200305,개봉영화,장편,한국,241.0,27672.0,16724.0,드라마,전체관람가,독립/예술영화,7.0,8.78,2020,03,1,1.0
비행,조성빈,㈜ 써드아이비디오,"['아이 엠', '케이티하이텔(주)']",20200319,개봉영화,장편,한국,128.0,3326.0,1881.0,드라마,15세이상관람가,독립/예술영화,5.8,7.3,2020,03,2,1.0
산티아고의 흰 지팡이,이종은,제이리미디어,['제이리미디어'],20200319,개봉영화,장편,한국,21.0,1006.0,708.0,다큐멘터리,전체관람가,독립/예술영화,5.59,8.0,2020,03,1,1.0
사랑하고 있습니까,김정권,(주)강철필름,['주식회사 블루필름웍스'],20200325,개봉영화,장편,한국,295.0,12878.0,4066.0,판타지,12세이상관람가,일반영화,3.5,4.71,2020,03,1,1.0
이장,정승오,㈜인디스토리,['㈜인디스토리'],20200325,개봉영화,장편,한국,82.0,4878.0,2438.0,드라마,12세이상관람가,독립/예술영화,6.38,8.35,2020,03,1,1.0
공수도,채여준,"(주)그노스,꿀잼컴퍼니(주)",['(주)그노스'],20200409,개봉영화,장편,한국,79.0,2950.0,930.0,액션,15세이상관람가,일반영화,5.59,8.75,2020,04,1,1.0
서치 아웃,곽정,(주)디엔와이,"['(주)스톰픽쳐스코리아', '(주)삼백상회']",20200415,개봉영화,장편,한국,355.0,34115.0,7283.0,스릴러,15세이상관람가,독립/예술영화,4.0,4.02,2020,04,2,1.0
유령선,김지영,(주)왝더독,['(주)엣나인필름'],20200415,개봉영화,장편,한국,165.0,20784.0,7684.0,다큐멘터리,12세이상관람가,독립/예술영화,6.0,6.16,2020,04,1,1.0
설화,최형렬,(주)유비네트워크,['(주)유비네트워크'],20200416,개봉영화,장편,한국,4.0,129.0,60.0,스릴러,15세이상관람가,독립/예술영화,2.0,6.2,2020,04,1,0.0
좀비파이터,임지환,스토리웨이브픽쳐스,['(주)미로스페이스'],20200416,개봉영화,장편,한국,5.0,136.0,88.0,공포(호러),15세이상관람가,독립/예술영화,4.0,6.02,2020,04,1,0.0
그녀의 비밀정원,김인식,(주)인디컴미디어,"['(유)조이앤시네마', '(주)제이앤씨미디어그룹']",20200422,개봉영화,장편,한국,79.0,1254.0,375.0,드라마,15세이상관람가,독립/예술영화,4.25,2.77,2020,04,2,1.0
바람의 언덕,박석영,영화사 삼순,['영화사 삼순'],20200423,개봉영화,장편,한국,28.0,1794.0,1079.0,드라마,전체관람가,독립/예술영화,6.17,8.36,2020,04,1,1.0
호텔 레이크,윤은경,"(주)이에스픽쳐스,㈜인디스토리",['(주)스마일이엔티'],20200429,개봉영화,장편,한국,465.0,70019.0,13345.0,공포(호러),15세이상관람가,독립/예술영화,5.33,5.3,2020,04,1,1.0
저 산 너머,최종태,리온픽쳐스(주),['(주)리틀빅픽쳐스'],20200430,개봉영화,장편,한국,468.0,103534.0,32623.0,드라마,12세이상관람가,일반영화,5.0,8.22,2020,04,1,1.0
슈팅걸스,배효민,"새바엔터테인먼트,(주)아이언 스튜디오",['(주)영화사오원'],20200506,개봉영화,장편,한국,207.0,4587.0,913.0,드라마,12세이상관람가,독립/예술영화,4.5,5.78,2020,05,1,1.0
아르코라이브 무용 히트 앤 런,감독명 누락,한국문화예술위원회,['한국문화예술위원회'],20200506,개봉영화,장편,한국,6.0,49.0,29.0,공연,전체관람가,일반영화,5.59,7.44,2020,05,1,0.0
죽도 서핑 다이어리,이현승,스튜디오블루(주),['(주)에스와이코마드'],20200507,개봉영화,장편,한국,2.0,125.0,97.0,드라마,12세이상관람가,독립/예술영화,5.59,5.62,2020,05,1,0.0
얼굴없는 보스: 못다한 이야기 감독판,임성용,(주)좋은 하늘,"['(주)좋은 하늘', '(주)박수엔터테인먼트']",20200513,개봉영화,장편,한국,50.0,1662.0,332.0,범죄,15세이상관람가,일반영화,5.59,4.59,2020,05,2,1.0
고양이 집사,이희섭,엠앤씨에프,['㈜인디스토리'],20200514,개봉영화,장편,한국,49.0,2399.0,1287.0,다큐멘터리,전체관람가,독립/예술영화,5.5,9.31,2020,05,1,1.0
범털,강태호,(주)피터팬픽쳐스,['(주)피터팬픽쳐스'],20200514,개봉영화,장편,한국,48.0,1741.0,340.0,범죄,15세이상관람가,독립/예술영화,5.59,4.73,2020,05,1,1.0
파도를 걷는 소년,최창환,(주)컬쳐플랫폼,['매치컷(주)'],20200514,개봉영화,장편,한국,25.0,943.0,518.0,드라마,15세이상관람가,독립/예술영화,5.75,6.67,2020,05,1,0.0
머피와 샐리의 법칙,김문옥,"시네마테크 충무로,스마일픽쳐스",['에이 라이프'],20200520,개봉영화,장편,한국,1.0,106.0,106.0,코미디,12세이상관람가,일반영화,5.59,9.5,2020,05,1,0.0
아르코라이브 의자 고치는 여인,감독명 누락,한국문화예술위원회,['(주)아이디어랩'],20200520,개봉영화,장편,한국,6.0,102.0,86.0,공연,12세이상관람가,일반영화,5.59,7.44,2020,05,1,0.0
나는보리,김진유,파도,['(주)영화사 진진'],20200521,개봉영화,장편,한국,158.0,11579.0,6321.0,가족,전체관람가,독립/예술영화,6.25,9.44,2020,05,1,1.0
아홉 스님,윤성준,"(주)퍼스트런,우주레이블","['(주)퍼스트런', '(주)키다리이엔티']",20200527,개봉영화,장편,한국,141.0,22330.0,13607.0,드라마,전체관람가,독립/예술영화,5.67,8.76,2020,05,2,1.0
"안녕, 미누",지혜원,바른미디어,"['영화사 풀', '(주)영화사 친구']",20200527,개봉영화,장편,한국,25.0,2850.0,2020.0,다큐멘터리,12세이상관람가,독립/예술영화,6.75,9.52,2020,05,2,1.0
초미의 관심사,남연우,(주) 레진스튜디오,['(주)트리플픽쳐스'],20200527,개봉영화,장편,한국,380.0,16137.0,5682.0,드라마,15세이상관람가,독립/예술영화,6.0,7.41,2020,05,1,1.0
런 보이 런,오원재,"(주)라온컴퍼니플러스,(주)오아시스이엔티",['(주)라온컴퍼니플러스'],20200528,개봉영화,장편,한국,25.0,2956.0,1536.0,드라마,15세이상관람가,일반영화,5.59,7.37,2020,05,1,1.0
국도극장,전지희,명필름랩,['명필름랩'],20200529,개봉영화,장편,한국,7.0,337.0,171.0,드라마,12세이상관람가,독립/예술영화,6.33,8.5,2020,05,1,0.0
국도극장: 감독판,전지희,명필름랩,['명필름랩'],20200529,개봉영화,장편,한국,1.0,1106.0,700.0,드라마,12세이상관람가,독립/예술영화,5.59,8.69,2020,05,1,1.0
침입자,손원평,(주)비에이엔터테인먼트,['(주)에이스메이커무비웍스'],20200604,개봉영화,장편,한국,1365.0,531212.0,110923.0,미스터리,15세이상관람가,일반영화,5.59,7.44,2020,06,1,1.0
프랑스여자,김희정,(주)인벤트스톤,"['(주)디스테이션', '롯데컬처웍스(주)롯데엔터테인먼트']",20200604,개봉영화,장편,한국,244.0,18106.0,6765.0,드라마,15세이상관람가,독립/예술영화,6.67,7.52,2020,06,2,1.0
결백,박상현,(주)이디오플랜,"['소니픽쳐스엔터테인먼트코리아주식회사극장배급지점', '(주)키다리이엔티']",20200610,개봉영화,장편,한국,1112.0,893855.0,217456.0,드라마,15세이상관람가,일반영화,5.67,7.65,2020,06,2,1.0
들리나요?,"김봉한,신승환",(주)영화사장춘,['(주)트리플픽쳐스'],20200610,개봉영화,장편,한국,103.0,3598.0,1570.0,다큐멘터리,전체관람가,독립/예술영화,5.5,9.07,2020,06,1,1.0
아이즈 온 미 : 더 무비,박재석,씨제이포디플렉스 주식회사,['씨제이포디플렉스 주식회사'],20200610,개봉영화,장편,한국,124.0,39228.0,15630.0,공연,전체관람가,일반영화,5.59,9.34,2020,06,1,1.0
바다로 가자,김량,ZONE Film,['ZONE Film'],20200618,개봉영화,장편,한국,15.0,1246.0,977.0,가족,전체관람가,독립/예술영화,6.2,8.14,2020,06,1,1.0
사라진 시간,정진영,"(주)비에이엔터테인먼트,(주)다니필름",['(주)에이스메이커무비웍스'],20200618,개봉영화,장편,한국,874.0,185653.0,43314.0,미스터리,15세이상관람가,일반영화,7.5,4.31,2020,06,1,1.0
야구소녀,최윤태,한국영화아카데미,"['(주)싸이더스', '찬란']",20200618,개봉영화,장편,한국,264.0,36986.0,19840.0,드라마,12세이상관람가,독립/예술영화,6.57,8.13,2020,06,2,1.0
열혈형사,윤여창,굿픽처스,['(주)제이앤씨미디어그룹'],20200618,개봉영화,장편,한국,121.0,2492.0,850.0,코미디,12세이상관람가,일반영화,1.5,3.7,2020,06,1,1.0
#살아있다,조일형,"영화사 집,(주)퍼스펙티브픽쳐스",['롯데컬처웍스(주)롯데엔터테인먼트'],20200624,개봉영화,장편,한국,1882.0,1903703.0,476332.0,드라마,15세이상관람가,일반영화,5.57,4.09,2020,06,1,1.0
김일성의 아이들,김덕영,다큐스토리,['다큐스토리'],20200625,개봉영화,장편,한국,13.0,1667.0,1233.0,다큐멘터리,전체관람가,독립/예술영화,5.59,7.44,2020,06,1,1.0
소리꾼,조정래,주식회사 제이오엔터테인먼트코리아,['(주)리틀빅픽쳐스'],20200701,개봉영화,장편,한국,573.0,79215.0,22306.0,사극,12세이상관람가,일반영화,5.0,8.45,2020,07,1,1.0
"시, 나리오",김동원,썸머트리 주식회사,['(주)노바이앤티'],20200702,개봉영화,장편,한국,18.0,243.0,104.0,드라마,15세이상관람가,독립/예술영화,4.5,4.61,2020,07,1,0.0
욕창,심혜정,제작사 미상,['필름다빈'],20200702,개봉영화,장편,한국,17.0,1288.0,736.0,드라마,12세이상관람가,독립/예술영화,6.8,8.57,2020,07,1,1.0
부활,구수환,(주)중헌홀딩스,['(주)중헌홀딩스'],20200709,개봉영화,장편,한국,83.0,14437.0,4343.0,다큐멘터리,전체관람가,일반영화,5.59,7.44,2020,07,1,1.0
불량한 가족,장재일,(주)발자국 공장,"['(주)스톰픽쳐스코리아', '와이드 릴리즈(주)']",20200709,개봉영화,장편,한국,161.0,4872.0,1889.0,코미디,12세이상관람가,독립/예술영화,2.5,8.06,2020,07,2,1.0
테우리,이난,(주)26컴퍼니,['(주)26컴퍼니'],20200709,개봉영화,장편,한국,16.0,419.0,343.0,드라마,15세이상관람가,독립/예술영화,6.0,6.97,2020,07,1,0.0
반도,연상호,(주)영화사레드피터,['(주)넥스트엔터테인먼트월드(NEW)'],20200715,개봉영화,장편,한국,2575.0,3812080.0,895163.0,액션,15세이상관람가,일반영화,6.17,5.62,2020,07,1,1.0
광주비디오: 사라진 4시간,이조훈,(주)훈프로,['(주)인디플러그'],20200716,개봉영화,장편,한국,70.0,2623.0,1036.0,다큐멘터리,12세이상관람가,독립/예술영화,6.25,4.51,2020,07,1,1.0
프리즈너,양길영,영화사 인연,['(주)박수엔터테인먼트'],20200723,개봉영화,장편,한국,49.0,1681.0,490.0,액션,15세이상관람가,일반영화,2.5,2.98,2020,07,1,1.0
강철비2: 정상회담,양우석,(주)스튜디오게니우스우정,['롯데컬처웍스(주)롯데엔터테인먼트'],20200729,개봉영화,장편,한국,2137.0,1790797.0,441770.0,드라마,15세이상관람가,일반영화,6.64,4.96,2020,07,1,1.0
루비,박한진,(주)펠리스,['주식회사 더쿱'],20200730,개봉영화,장편,한국,12.0,381.0,330.0,드라마,12세이상관람가,독립/예술영화,5.59,7.44,2020,07,1,0.0
어게인,조창열,(주)하늬바람,['(주)에스와이코마드'],20200730,개봉영화,장편,한국,22.0,1027.0,776.0,뮤지컬,12세이상관람가,독립/예술영화,5.59,7.44,2020,07,1,1.0
카오산 탱고,김범삼,제작사 미상,['(주)영화사 그램'],20200730,개봉영화,장편,한국,45.0,3731.0,2483.0,드라마,12세이상관람가,독립/예술영화,3.8,6.92,2020,07,1,1.0
소셜노마드,"마영민,이상묵",제작사 미상,['주식회사 씨엠닉스'],20200801,개봉영화,장편,한국,2.0,56.0,32.0,다큐멘터리,전체관람가,독립/예술영화,5.59,9.56,2020,08,1,0.0
다만 악에서 구하소서,홍원찬,(주)하이브미디어코프,['(주)씨제이이엔엠'],20200805,개봉영화,장편,한국,1998.0,4352669.0,984042.0,범죄,15세이상관람가,일반영화,6.1,7.61,2020,08,1,1.0
오케이 마담,이철하,"영화사올(주),(주)사나이픽처스",['메가박스중앙(주)플러스엠'],20200812,개봉영화,장편,한국,1288.0,1228685.0,238179.0,코미디,15세이상관람가,일반영화,6.13,6.29,2020,08,1,1.0
어서오시게스트하우스,심요한,K'arts,['(주)리틀빅픽쳐스'],20200813,개봉영화,장편,한국,58.0,3573.0,2350.0,드라마,15세이상관람가,독립/예술영화,5.0,8.27,2020,08,1,1.0
늙은 부부이야기: 스테이지 무비,신태연,예술의전당,['예술의전당'],20200819,개봉영화,장편,한국,16.0,432.0,303.0,공연,12세이상관람가,독립/예술영화,5.59,10.0,2020,08,1,0.0
69세,임선애,(주)기린제작사,['(주)엣나인필름'],20200820,개봉영화,장편,한국,105.0,9511.0,6110.0,드라마,15세이상관람가,독립/예술영화,6.0,8.65,2020,08,1,1.0
남매의 여름밤,윤단비,오누필름,['그린나래미디어(주)'],20200820,개봉영화,장편,한국,133.0,21067.0,13367.0,드라마,전체관람가,독립/예술영화,7.83,8.97,2020,08,1,1.0
동아시아반일무장전선,김미례,감 픽쳐스,['아이 엠'],20200820,개봉영화,장편,한국,23.0,992.0,755.0,다큐멘터리,15세이상관람가,독립/예술영화,6.0,7.78,2020,08,1,1.0
여름날,오정석,오전필름,['영화배급협동조합 씨네소파'],20200820,개봉영화,장편,한국,12.0,663.0,403.0,드라마,전체관람가,독립/예술영화,5.59,7.44,2020,08,1,0.0
태백권,최상훈,"(주)그노스,꿀잼컴퍼니(주)",['(주)드림팩트엔터테인먼트'],20200820,개봉영화,장편,한국,62.0,2018.0,950.0,코미디,15세이상관람가,일반영화,3.0,5.38,2020,08,1,1.0
이별식당,임왕태,"(주)미스터로맨스,HATCH FILM ,서울예술대학","['(주)에스와이코마드', '아이 엠']",20200827,개봉영화,장편,한국,24.0,754.0,488.0,뮤지컬,12세이상관람가,독립/예술영화,4.5,7.88,2020,08,2,0.0
후쿠오카,장률,(주)률필름,"['(주)률필름', '㈜인디스토리']",20200827,개봉영화,장편,한국,101.0,5064.0,2732.0,드라마,15세이상관람가,독립/예술영화,6.0,6.63,2020,08,2,1.0
7월7일,손승현,필름소년,['(주)이놀미디어'],20200902,개봉영화,장편,한국,18.0,219.0,145.0,드라마,12세이상관람가,독립/예술영화,4.33,7.37,2020,09,1,0.0
오! 문희,정세교,(주)빅스톤픽쳐스,['CGV아트하우스'],20200902,개봉영화,장편,한국,1110.0,351162.0,73973.0,코미디,12세이상관람가,일반영화,4.5,8.01,2020,09,1,1.0
카일라스 가는 길,정형민,빅트리,['(주)영화사 진진'],20200903,개봉영화,장편,한국,47.0,9389.0,4203.0,다큐멘터리,전체관람가,독립/예술영화,5.25,9.37,2020,09,1,1.0
기기괴괴 성형수,조경훈,"(주)에스에스애니멘트 ,(주)스튜디오 애니멀",['(주)트리플픽쳐스'],20200909,개봉영화,장편,한국,276.0,103251.0,36203.0,공포(호러),15세이상관람가,독립/예술영화,6.6,6.94,2020,09,1,1.0
나를 구하지 마세요,정연경,(주)아우라픽처스,['(주)리틀빅픽쳐스'],20200910,개봉영화,장편,한국,79.0,2334.0,1140.0,드라마,12세이상관람가,독립/예술영화,5.67,9.32,2020,09,1,1.0
메피스토,김동후,㈜아라유니버스,['(주)영화사 그램'],20200910,개봉영화,장편,한국,30.0,502.0,324.0,드라마,15세이상관람가,독립/예술영화,4.0,7.25,2020,09,1,0.0
이별의 목적,이건우,(주)한영씨앤텍,['주식회사 블루필름웍스'],20200910,개봉영화,장편,한국,15.0,214.0,124.0,멜로/로맨스,12세이상관람가,독립/예술영화,5.0,7.04,2020,09,1,0.0
공포체험라디오 4DX,서정희,"CGV ICECON,씨제이포디플렉스 주식회사","['CGV ICECON', '씨제이포디플렉스 주식회사']",20200916,개봉영화,장편,한국,37.0,1794.0,650.0,공포(호러),15세이상관람가,일반영화,5.59,3.25,2020,09,2,1.0
매지컬: 공주를 웃겨라,정윤철,애니투아트(주),['(주)에이원엔터테인먼트'],20200917,개봉영화,장편,한국,220.0,4077.0,642.0,애니메이션,전체관람가,일반영화,5.33,5.93,2020,09,1,1.0
검객,최재훈,오퍼스픽쳐스(유),"['(주)키위미디어그룹', '오퍼스픽쳐스(유)', '(주)씨네필운']",20200923,개봉영화,장편,한국,832.0,190237.0,36965.0,액션,15세이상관람가,일반영화,4.5,7.91,2020,09,3,1.0
구르는 수레바퀴,문정윤,아방가르드 필름,['아방가르드 필름'],20200923,개봉영화,장편,한국,4.0,1072.0,1060.0,가족,12세이상관람가,독립/예술영화,7.0,9.28,2020,09,1,1.0
디바,조슬예,"영화사올(주),팔팔애비뉴(주)",['메가박스중앙(주)플러스엠'],20200923,개봉영화,장편,한국,831.0,108122.0,31164.0,스릴러,15세이상관람가,일반영화,5.59,7.44,2020,09,1,1.0
다시 만난 날들,심찬양,(주)푸른나무픽쳐스,['(주)영화사오원'],20200924,개봉영화,장편,한국,105.0,4176.0,2284.0,뮤지컬,12세이상관람가,독립/예술영화,6.0,9.36,2020,09,1,1.0
브레이크 더 사일런스: 더 무비,박준수,(주)하이브쓰리식스티,['CGV ICECON'],20200924,개봉영화,장편,한국,205.0,131693.0,41301.0,다큐멘터리,전체관람가,일반영화,6.0,9.3,2020,09,1,1.0
국제수사,김봉한,(주)영화사장춘,['(주)쇼박스'],20200929,개봉영화,장편,한국,1074.0,537470.0,103185.0,코미디,15세이상관람가,일반영화,3.6,4.65,2020,09,1,1.0
"그대, 고맙소 : 김호중 생애 첫 팬미팅 무비",감독명 누락,씨제이포디플렉스 주식회사,['씨제이포디플렉스 주식회사'],20200929,개봉영화,장편,한국,106.0,102008.0,31301.0,공연,전체관람가,일반영화,5.59,9.43,2020,09,1,1.0
담보,강대규,"(주)제이케이필름,(주)레드로버,(주)씨제이이엔엠,(주)영화사연",['(주)씨제이이엔엠'],20200929,개봉영화,장편,한국,1342.0,1719706.0,305921.0,드라마,12세이상관람가,일반영화,5.2,8.97,2020,09,1,1.0
죽지않는 인간들의 밤,신정원,"(주)브라더픽쳐스,TCO(주)더콘텐츠온",['TCO(주)더콘텐츠온'],20200929,개봉영화,장편,한국,570.0,101616.0,27911.0,코미디,15세이상관람가,일반영화,5.75,6.42,2020,09,1,1.0
극장판 미니특공대: 햄버거괴물의 습격,이영준,(주)삼지애니메이션,['(주)리틀빅픽쳐스'],20200930,개봉영화,장편,한국,414.0,57857.0,9126.0,애니메이션,전체관람가,일반영화,6.0,8.55,2020,09,1,1.0
밥정,박혜령,(주)하얀소엔터테인먼트,['(주)엣나인필름'],20201007,개봉영화,장편,한국,182.0,15650.0,9458.0,다큐멘터리,전체관람가,독립/예술영화,7.0,9.6,2020,10,1,1.0
마음 울적한 날엔,"한유원,강동완,김남석",제작사 미상,['필름다빈'],20201008,개봉영화,장편,한국,1.0,44.0,39.0,드라마,12세이상관람가,독립/예술영화,5.0,9.17,2020,10,1,0.0
부활: 그 증거,김상철,파이오니아21,['(주)영화사 진진'],20201008,개봉영화,장편,한국,111.0,28534.0,5497.0,다큐멘터리,전체관람가,독립/예술영화,4.0,9.26,2020,10,1,1.0
스윈들러,이동환,환필름,['(주)이놀미디어'],20201008,개봉영화,장편,한국,16.0,330.0,201.0,드라마,15세이상관람가,독립/예술영화,5.0,5.76,2020,10,1,0.0
피원에이치 : 새로운 세계의 시작,창,"(주)에프엔씨스토리,(주)창픽쳐스",['롯데컬처웍스(주)롯데엔터테인먼트'],20201008,개봉영화,장편,한국,87.0,2284.0,1223.0,드라마,15세이상관람가,일반영화,5.0,5.29,2020,10,1,1.0
나의이름,허동우,(주)뉴데이픽쳐스,['시네마 뉴원'],20201014,개봉영화,장편,한국,38.0,833.0,560.0,멜로/로맨스,12세이상관람가,독립/예술영화,5.0,7.34,2020,10,1,0.0
돌멩이,김정식,(주)영화사테이크,['(주)리틀빅픽쳐스'],20201015,개봉영화,장편,한국,425.0,17632.0,6044.0,드라마,12세이상관람가,독립/예술영화,4.67,6.61,2020,10,1,1.0
소리도 없이,홍의정,"(주)루이스 픽쳐스,(주)브로콜리픽쳐스",['(주)에이스메이커무비웍스'],20201015,개봉영화,장편,한국,1084.0,403432.0,93396.0,범죄,15세이상관람가,일반영화,7.0,5.92,2020,10,1,1.0
알피니스트 - 어느 카메라맨의 고백,"임일진,김민철",민치앤필름,['민치앤필름'],20201015,개봉영화,장편,한국,21.0,2316.0,1451.0,다큐멘터리,12세이상관람가,독립/예술영화,6.0,9.62,2020,10,1,1.0
삼진그룹 영어토익반,이종필,더램프(주),['롯데컬처웍스(주)롯데엔터테인먼트'],20201021,개봉영화,장편,한국,1616.0,1571336.0,443980.0,드라마,12세이상관람가,일반영화,7.0,8.25,2020,10,1,1.0
디어 마이 지니어스,구윤주,오엠지프로덕션,['필름다빈'],20201022,개봉영화,장편,한국,14.0,1807.0,711.0,다큐멘터리,전체관람가,독립/예술영화,6.33,9.56,2020,10,1,1.0
미스터트롯: 더 무비,전수경,(주)영화사 그램,['(주)영화사 그램'],20201022,개봉영화,장편,한국,449.0,150065.0,41283.0,공연,전체관람가,일반영화,5.0,8.84,2020,10,1,1.0
종이꽃,고훈,"(주)로드픽쳐스,㈜스토리셋",['(주)스튜디오 보난자'],20201022,개봉영화,장편,한국,256.0,7323.0,2624.0,드라마,12세이상관람가,독립/예술영화,5.33,8.99,2020,10,1,1.0
담쟁이,한제이,다이노(DIE NO),['(주)트리플픽쳐스'],20201028,개봉영화,장편,한국,93.0,4258.0,2347.0,가족,15세이상관람가,독립/예술영화,6.0,8.03,2020,10,1,1.0
젊은이의 양지,신수원,(주)준필름,['(주)리틀빅픽쳐스'],20201028,개봉영화,장편,한국,108.0,5199.0,3315.0,드라마,15세이상관람가,독립/예술영화,5.43,7.97,2020,10,1,1.0
황무지 5월의 고해,김태영,(주)인디컴,['시네마 뉴원'],20201028,개봉영화,장편,한국,39.0,1314.0,824.0,드라마,15세이상관람가,독립/예술영화,6.0,6.95,2020,10,1,1.0
웰컴 투 X-월드,한태의,(주)시네마달,['(주)시네마달'],20201029,개봉영화,장편,한국,23.0,2064.0,1444.0,다큐멘터리,전체관람가,독립/예술영화,6.5,9.02,2020,10,1,1.0
러브라인,"오두경,김성훈,권아영,정다이",주식회사 씨엠닉스,['주식회사 씨엠닉스'],20201101,개봉영화,장편,한국,1.0,78.0,78.0,기타,15세이상관람가,독립/예술영화,5.59,8.73,2020,11,1,0.0
우리 안의 그들,"김태진,송원준,이진영",주식회사 씨엠닉스,['주식회사 씨엠닉스'],20201101,개봉영화,장편,한국,1.0,61.0,61.0,기타,12세이상관람가,독립/예술영화,5.59,8.33,2020,11,1,0.0
도굴,박정배,(주)싸이런픽쳐스,['(주)씨제이이엔엠'],20201104,개봉영화,장편,한국,1635.0,1522046.0,351298.0,범죄,12세이상관람가,일반영화,5.0,7.24,2020,11,1,1.0
앙상블,정형석,"닷 팩토리,전주 영상위원회","['(주)스톰픽쳐스코리아', '와이드 릴리즈(주)']",20201105,개봉영화,장편,한국,52.0,1140.0,678.0,드라마,12세이상관람가,독립/예술영화,5.0,7.0,2020,11,2,1.0
구직자들,황승재,주식회사인시즌,['(주)이놀미디어'],20201112,개봉영화,장편,한국,29.0,920.0,631.0,SF,전체관람가,독립/예술영화,4.0,7.16,2020,11,1,0.0
내가 죽던 날,박지완,오스카10스튜디오,['워너브러더스 코리아(주)'],20201112,개봉영화,장편,한국,909.0,233112.0,58772.0,드라마,12세이상관람가,일반영화,6.5,8.01,2020,11,1,1.0
애비규환,최하나,"(주)아토,(주)모토",['(주)리틀빅픽쳐스'],20201112,개봉영화,장편,한국,453.0,22680.0,9963.0,드라마,12세이상관람가,독립/예술영화,6.25,6.7,2020,11,1,1.0
증발,김성민,미들,['㈜인디스토리'],20201112,개봉영화,장편,한국,35.0,3915.0,2147.0,다큐멘터리,전체관람가,독립/예술영화,5.59,7.44,2020,11,1,1.0
봉쇄수도원 카르투시오,김동일,"KBS,커넥트픽쳐스(주),피엠픽쳐스",['커넥트픽쳐스(주)'],20201119,개봉영화,장편,한국,125.0,4732.0,2074.0,다큐멘터리,전체관람가,독립/예술영화,6.5,9.41,2020,11,1,1.0
추억의 검정고무신,송정율,(주)대교 미디어콘텐츠사업본부,['(주)대교 미디어콘텐츠사업본부'],20201119,개봉영화,장편,한국,215.0,19531.0,2665.0,애니메이션,전체관람가,독립/예술영화,5.0,5.76,2020,11,1,1.0
이웃사촌,이환경,"(주)시네마허브,환타지엔터테인먼트","['(주)리틀빅픽쳐스', '(주)트리니티픽쳐스']",20201125,개봉영화,장편,한국,1363.0,424864.0,90138.0,드라마,12세이상관람가,일반영화,5.0,6.07,2020,11,2,1.0
인플루언서,오영근,(주)인터오리진아이엔씨,['(주)인터오리진아이엔씨'],20201125,개봉영화,장편,한국,7.0,229.0,164.0,다큐멘터리,전체관람가,일반영화,5.59,7.44,2020,11,1,0.0
에듀케이션,김덕중,"(주)타이거시네마,DGC",['영화배급협동조합 씨네소파'],20201126,개봉영화,장편,한국,23.0,836.0,569.0,드라마,12세이상관람가,독립/예술영화,7.0,6.57,2020,11,1,0.0
잔칫날,김록경,스토리텔러 픽처스,['(주)트리플픽쳐스'],20201202,개봉영화,장편,한국,240.0,10648.0,4092.0,드라마,12세이상관람가,독립/예술영화,6.14,8.83,2020,12,1,1.0
내언니전지현과 나,박윤진,제작사 미상,['호우주의보'],20201203,개봉영화,장편,한국,36.0,1836.0,1253.0,다큐멘터리,12세이상관람가,독립/예술영화,6.67,9.14,2020,12,1,1.0
"이별유예, 일주일",김규현,(주)에스비에스미디어넷,['(주)유어스토리블루'],20201209,개봉영화,장편,한국,29.0,779.0,348.0,드라마,15세이상관람가,일반영화,5.59,8.64,2020,12,1,0.0
겨울밤에,장우진,봄내필름,['㈜인디스토리'],20201210,개봉영화,장편,한국,49.0,1174.0,711.0,드라마,12세이상관람가,독립/예술영화,7.33,6.34,2020,12,1,1.0
마지막 휴가,노거경,거경필름,['(주)드림팩트엔터테인먼트'],20201210,개봉영화,장편,한국,11.0,1075.0,701.0,기타,15세이상관람가,독립/예술영화,3.0,7.35,2020,12,1,1.0
머리카락,이미해,스튜디오 파동,"['목영이엔엠', '(주)다자인소프트']",20201210,개봉영화,장편,한국,12.0,279.0,204.0,다큐멘터리,전체관람가,독립/예술영화,4.75,8.3,2020,12,2,0.0
스웨그,임성관,(주)퍼플스트로우필름,['(주)영화사오원'],20201210,개봉영화,장편,한국,118.0,2713.0,1497.0,드라마,15세이상관람가,독립/예술영화,4.0,9.23,2020,12,1,1.0
조제,김종관,볼미디어(주),['워너브러더스 코리아(주)'],20201210,개봉영화,장편,한국,1179.0,186651.0,45870.0,멜로/로맨스,15세이상관람가,일반영화,5.71,6.58,2020,12,1,1.0
뮤직 앤 리얼리티,"빅 포니,스티브 리",(주)보더리스필름,"['(주)미로스페이스', '(주)스튜디오 보난자']",20201223,개봉영화,장편,한국,38.0,1059.0,692.0,드라마,12세이상관람가,독립/예술영화,5.0,9.39,2020,12,2,1.0
미스터 보스,김형기,"(주)더 재미,대쉬 필름,강천산 픽쳐스","['(주)스톰픽쳐스코리아', '와이드 릴리즈(주)']",20201230,개봉영화,장편,한국,226.0,1954.0,540.0,드라마,15세이상관람가,일반영화,3.67,5.63,2020,12,2,1.0
선샤인 패밀리,김태식,필름라인,['시네마 뉴원'],20201231,개봉영화,장편,한국,26.0,133.0,93.0,드라마,12세이상관람가,독립/예술영화,5.59,7.57,2020,12,1,0.0
족벌 두 신문 이야기,"김용진,박중석",뉴스타파 필름,['(주)엣나인필름'],20210101,개봉영화,장편,한국,10.0,1030.0,686.0,다큐멘터리,12세이상관람가,독립/예술영화,5.5,8.84,2021,01,1,1.0
천사는 바이러스,김성준,전주 영상위원회,['주식회사 씨엠닉스'],20210106,개봉영화,장편,한국,44.0,816.0,278.0,드라마,15세이상관람가,독립/예술영화,5.59,8.79,2021,01,1,0.0
귀여운 남자,김정욱,(주)드림팩트엔터테인먼트,['(주)드림팩트엔터테인먼트'],20210114,개봉영화,장편,한국,41.0,546.0,136.0,코미디,15세이상관람가,독립/예술영화,5.59,5.42,2021,01,1,0.0
사라센의 칼,임재영,대쉬 필름,['(주)콘텐츠윙'],20210114,개봉영화,장편,한국,14.0,348.0,217.0,드라마,15세이상관람가,독립/예술영화,3.0,8.94,2021,01,1,0.0
요요현상,고두현,영화사 금요일,['영화배급협동조합 씨네소파'],20210114,개봉영화,장편,한국,27.0,804.0,516.0,다큐멘터리,전체관람가,독립/예술영화,6.75,9.04,2021,01,1,0.0
"오늘, 우리 2","양재준,이나연,이준섭,여장천",필름다빈,['필름다빈'],20210121,개봉영화,장편,한국,14.0,317.0,234.0,드라마,12세이상관람가,독립/예술영화,5.5,8.0,2021,01,1,0.0
크루아상,조성규,"(주)와우,(주)와이제이글로벌그룹",['하준사'],20210121,개봉영화,장편,한국,42.0,1221.0,736.0,드라마,12세이상관람가,독립/예술영화,3.33,9.18,2021,01,1,1.0
큰엄마의 미친봉고,백승환,(주)백그림,['(주)백그림'],20210121,개봉영화,장편,한국,67.0,2802.0,1096.0,코미디,12세이상관람가,일반영화,6.0,6.03,2021,01,1,1.0
세자매,이승원,(주)영화사 업,['(주)리틀빅픽쳐스'],20210127,개봉영화,장편,한국,569.0,42290.0,12825.0,드라마,15세이상관람가,독립/예술영화,6.8,8.69,2021,01,1,1.0
토이 솔져스: 가짜사나이2 더 컴플리트,오윤동,씨제이포디플렉스 주식회사,['씨제이포디플렉스 주식회사'],20210127,개봉영화,장편,한국,155.0,7991.0,2126.0,다큐멘터리,15세이상관람가,일반영화,5.59,8.18,2021,01,1,1.0
관계의 가나다에 있는 우리는,이인의,굿인스토리,['(주)시네마달'],20210128,개봉영화,장편,한국,39.0,2380.0,1499.0,드라마,전체관람가,독립/예술영화,5.5,8.3,2021,01,1,1.0
나는 나를 해고하지 않는다,이태겸,"(주)홍시쥔,아트 윙",['(주)영화사 진진'],20210128,개봉영화,장편,한국,313.0,9660.0,4539.0,드라마,12세이상관람가,독립/예술영화,6.88,8.02,2021,01,1,1.0
스트레스 제로,이대희,"(주)이대희 애니메이션스튜디오,(주)302플래닛",['(주)트리플픽쳐스'],20210203,개봉영화,장편,한국,157.0,8541.0,2298.0,애니메이션,전체관람가,독립/예술영화,5.6,8.45,2021,02,1,1.0
이 안에 외계인이 있다,최은종,"조아필름,(주)와이제이글로벌그룹,파랑필름","['(주)스톰픽쳐스코리아', '와이드 릴리즈(주)']",20210203,개봉영화,장편,한국,121.0,3068.0,1072.0,코미디,12세이상관람가,독립/예술영화,4.5,7.0,2021,02,2,1.0
새해전야,홍지영,(주)수필름,['(주)에이스메이커무비웍스'],20210210,개봉영화,장편,한국,906.0,168168.0,41828.0,멜로/로맨스,12세이상관람가,일반영화,5.67,6.98,2021,02,1,1.0
아이,김현탁,"(주)엠씨엠씨,(주)무비락",['롯데컬처웍스(주)롯데엔터테인먼트'],20210210,개봉영화,장편,한국,504.0,37303.0,13701.0,드라마,15세이상관람가,일반영화,6.0,9.13,2021,02,1,1.0
용루각2: 신들의 밤,최상훈,"(주)그노스,꿀잼컴퍼니(주)",['(주)그노스'],20210210,개봉영화,장편,한국,20.0,2435.0,1290.0,액션,15세이상관람가,일반영화,5.59,3.26,2021,02,1,1.0
ARKO LIVE 뮤지컬 시데레우스,감독명 누락,(주)아이디어랩,['(주)아이디어랩'],20210211,개봉영화,장편,한국,14.0,2992.0,1686.0,뮤지컬,전체관람가,일반영화,5.59,7.44,2021,02,1,1.0
송가인 더 드라마,"이태슬,김성윤",포켓돌스튜디오,['(주)영화특별시에스엠씨'],20210211,개봉영화,장편,한국,117.0,16100.0,4631.0,공연,전체관람가,일반영화,5.59,9.07,2021,02,1,1.0
더블패티,백승환,(주)백그림,"['케이티하이텔(주)', '판씨네마(주)']",20210217,개봉영화,장편,한국,265.0,13341.0,4842.0,드라마,15세이상관람가,일반영화,5.0,6.76,2021,02,2,1.0
미션 파서블,김형주,(주)노시스컴퍼니,['(주)메리크리스마스'],20210217,개봉영화,장편,한국,930.0,331069.0,61672.0,코미디,15세이상관람가,일반영화,4.5,7.12,2021,02,1,1.0
간이역,김정민,유한회사 간이역,['(주)드림팩트엔터테인먼트'],20210218,개봉영화,장편,한국,48.0,852.0,361.0,드라마,12세이상관람가,일반영화,3.5,7.2,2021,02,1,0.0
빛과 철,배종대,"원테이크필름,영화사 새삶",['찬란'],20210218,개봉영화,장편,한국,161.0,8244.0,4445.0,드라마,12세이상관람가,독립/예술영화,6.83,7.96,2021,02,1,1.0
고백,서은영,퍼레이드 픽쳐스,['(주)리틀빅픽쳐스'],20210224,개봉영화,장편,한국,255.0,20052.0,6196.0,드라마,15세이상관람가,독립/예술영화,5.5,6.19,2021,02,1,1.0
아홉수 로맨스,"이새별,신효진",스토리웨이브픽쳐스,['(주)스튜디오 보난자'],20210224,개봉영화,장편,한국,24.0,608.0,492.0,멜로/로맨스,12세이상관람가,독립/예술영화,4.5,8.21,2021,02,1,0.0
잃어버린 얼굴 1895,이지나,(재)서울예술단,['(재)서울예술단'],20210224,개봉영화,장편,한국,63.0,3771.0,1652.0,뮤지컬,전체관람가,일반영화,4.0,7.18,2021,02,1,1.0
정브르의 동물일기,박동훈,(주)샌드박스네트워크,['CGV ICECON'],20210224,개봉영화,장편,한국,51.0,987.0,296.0,다큐멘터리,전체관람가,일반영화,5.59,8.5,2021,02,1,1.0
"구라, 베토벤",봉수,(주)오씨네,['목영이엔엠'],20210225,개봉영화,장편,한국,11.0,2602.0,1569.0,기타,15세이상관람가,독립/예술영화,5.0,8.42,2021,02,1,1.0
라이브 하드,황욱,키치스필름,['(주)드림팩트엔터테인먼트'],20210225,개봉영화,장편,한국,10.0,157.0,137.0,드라마,15세이상관람가,독립/예술영화,6.0,8.77,2021,02,1,0.0
유공자,박상훈,이닥픽쳐스,['M&M 인터내셔널'],20210301,개봉영화,장편,한국,4.0,287.0,134.0,드라마,15세이상관람가,독립/예술영화,5.59,8.88,2021,03,1,0.0
아르코 라이브 뮤지컬 호프,감독명 누락,한국문화예술위원회,['(주)아이디어랩'],20210303,개봉영화,장편,한국,10.0,4509.0,3118.0,공연,12세이상관람가,일반영화,5.59,7.44,2021,03,1,1.0
UFO 스케치,김진욱,스튜디오8,['(주)마노엔터테인먼트'],20210304,개봉영화,장편,한국,10.0,404.0,264.0,다큐멘터리,전체관람가,독립/예술영화,7.0,9.23,2021,03,1,0.0
멀리가지마라,박현용,"(주)파노라마이엔티,야경꾼",['(주)영화사오원'],20210304,개봉영화,장편,한국,34.0,1046.0,549.0,코미디,15세이상관람가,독립/예술영화,4.5,7.33,2021,03,1,1.0
밤빛,김무영,보이드 스페이스,['영화배급협동조합 씨네소파'],20210304,개봉영화,장편,한국,31.0,772.0,375.0,드라마,전체관람가,독립/예술영화,6.0,7.69,2021,03,1,0.0
인싸,이수성,"비케이 시네윈,㈜리필름","['(주)액티버스엔터테인먼트', '예지림엔터테인먼트']",20210304,개봉영화,장편,한국,10.0,109.0,49.0,액션,12세이상관람가,일반영화,5.59,4.42,2021,03,2,0.0
그리고 방행자,손원경,주식회사 블루필름웍스,"['주식회사 블루필름웍스', 'THE 픽쳐스']",20210311,개봉영화,장편,한국,7.0,323.0,290.0,다큐멘터리,12세이상관람가,독립/예술영화,5.0,9.3,2021,03,2,0.0
정말 먼 곳,박근영,봄내필름,['그린나래미디어(주)'],20210318,개봉영화,장편,한국,204.0,8662.0,4818.0,드라마,12세이상관람가,독립/예술영화,7.14,7.99,2021,03,1,1.0
파이터,윤재호,영화사 해그림 주식회사,['㈜인디스토리'],20210318,개봉영화,장편,한국,74.0,5796.0,3164.0,드라마,12세이상관람가,독립/예술영화,6.14,6.83,2021,03,1,1.0
몬테크리스토: 더 뮤지컬 라이브,오윤동,씨제이포디플렉스 주식회사,"['CGV ICECON', '씨제이포디플렉스 주식회사']",20210319,개봉영화,장편,한국,90.0,14528.0,6250.0,공연,12세이상관람가,일반영화,5.59,9.3,2021,03,2,1.0
국카스텐 콘서트 실황 : 해프닝,감독명 누락,(주)인터파크,['CGV ICECON'],20210324,개봉영화,장편,한국,54.0,3485.0,1926.0,공연,전체관람가,일반영화,5.59,7.44,2021,03,1,1.0
더 박스,양정웅,(주)영화사테이크,['(주)씨네필운'],20210324,개봉영화,장편,한국,372.0,93198.0,41533.0,드라마,12세이상관람가,독립/예술영화,5.59,7.44,2021,03,1,1.0
최면,최재훈,(주)스마일이엔티,['(주)스마일이엔티'],20210324,개봉영화,장편,한국,506.0,44118.0,8773.0,공포(호러),15세이상관람가,독립/예술영화,3.5,4.84,2021,03,1,1.0
출동! 시크릿 보틀 수호대,정연준,(주)청담러닝,['씨제이포디플렉스 주식회사'],20210324,개봉영화,단편,한국,10.0,196.0,103.0,애니메이션,전체관람가,일반영화,5.59,7.44,2021,03,1,0.0
트웬티 해커,한현석,(주)도어이앤엠,['(주)도어이앤엠'],20210324,개봉영화,장편,한국,74.0,2301.0,788.0,액션,15세이상관람가,일반영화,5.59,6.2,2021,03,1,1.0
시 읽는 시간,이수정,생의 한가운데,['(주)마노엔터테인먼트'],20210325,개봉영화,장편,한국,15.0,155.0,86.0,다큐멘터리,12세이상관람가,독립/예술영화,6.0,9.47,2021,03,1,0.0
인천스텔라,백승기,꾸러기스튜디오,['(주)영화사 그램'],20210325,개봉영화,장편,한국,50.0,1060.0,734.0,SF,12세이상관람가,독립/예술영화,4.25,6.44,2021,03,1,1.0
노가리,박민국,노가리필름,['(주)드림팩트엔터테인먼트'],20210331,개봉영화,장편,한국,4.0,115.0,111.0,드라마,12세이상관람가,독립/예술영화,4.0,6.64,2021,03,1,0.0
아무도 없는 곳,김종관,볼미디어(주),['(주)엣나인필름'],20210331,개봉영화,장편,한국,374.0,5077.0,2435.0,드라마,15세이상관람가,독립/예술영화,5.8,6.81,2021,03,1,1.0
자산어보,이준익,(주)씨네월드,['메가박스중앙(주)플러스엠'],20210331,개봉영화,장편,한국,1250.0,37650.0,13605.0,사극,12세이상관람가,일반영화,7.0,9.36,2021,03,1,1.0
킬러파티 (양수리 살인사건),김건,씨제이 씨지브이(CJ CGV)(주),['CGV ICECON'],20210331,개봉영화,장편,한국,12.0,104.0,58.0,공연,15세이상관람가,일반영화,5.59,9.69,2021,03,1,0.0
턴: 더 스트릿,임석진,"(주)26컴퍼니,발키리픽처스",['(주)26컴퍼니'],20210331,개봉영화,장편,한국,27.0,414.0,351.0,드라마,12세이상관람가,독립/예술영화,5.59,8.23,2021,03,1,0.0
당신의 사월,주현숙,(주)시네마달,['(주)시네마달'],20210401,개봉영화,장편,한국,59.0,6107.0,3041.0,다큐멘터리,전체관람가,독립/예술영화,6.0,4.84,2021,04,1,1.0
더스트맨,김나경,한국예술종합학교 산학협력단,['(주)트리플픽쳐스'],20210407,개봉영화,장편,한국,47.0,3125.0,1895.0,드라마,12세이상관람가,독립/예술영화,5.8,7.95,2021,04,1,1.0
아르코 라이브 무용 고요한 순환,감독명 누락,한국문화예술위원회,['(주)아이디어랩'],20210407,개봉영화,장편,한국,5.0,48.0,27.0,공연,12세이상관람가,일반영화,5.59,7.44,2021,04,1,0.0
불어라 검풍아,조바른,"(주)컨텐츠 빌리지,(주)엠씨엠씨",['(주)제이앤씨미디어그룹'],20210408,개봉영화,장편,한국,29.0,442.0,298.0,액션,15세이상관람가,독립/예술영화,5.0,5.91,2021,04,1,0.0
비밀의 정원,박선주,몬순픽쳐스,['필름다빈'],20210408,개봉영화,장편,한국,159.0,7515.0,3819.0,드라마,12세이상관람가,독립/예술영화,6.2,7.75,2021,04,1,1.0
서복,이용주,"(주)씨제이이엔엠,(주)티피에스컴퍼니",['(주)씨제이이엔엠'],20210415,개봉영화,장편,한국,1382.0,367563.0,100531.0,드라마,15세이상관람가,일반영화,5.13,6.33,2021,04,1,1.0
내일의 기억,서유민,"(주)아이필름코퍼레이션,(주)토리픽쳐스","['(주)아이필름코퍼레이션', '씨제이 씨지브이(CJ CGV)(주)']",20210421,개봉영화,장편,한국,957.0,207232.0,54055.0,미스터리,15세이상관람가,일반영화,4.0,7.61,2021,04,2,1.0
스프링 송,유준상,쥬네스엔터테인먼트,"['주식회사 컨텐츠썬', '(주)아우라픽처스']",20210421,개봉영화,장편,한국,48.0,664.0,351.0,드라마,전체관람가,독립/예술영화,5.59,9.21,2021,04,2,0.0
"무순, 세상을 가로질러",남승석,올록볼록 영화사,['영화배급협동조합 씨네소파'],20210422,개봉영화,장편,한국,17.0,581.0,480.0,다큐멘터리,전체관람가,독립/예술영화,5.67,8.45,2021,04,1,0.0
베르나르다 알바,연태흠,(주)브이컴퍼니,['(주)트리플픽쳐스'],20210428,개봉영화,장편,한국,25.0,566.0,355.0,공연,15세이상관람가,일반영화,6.0,9.04,2021,04,1,0.0
비와 당신의 이야기,조진모,(주)아지트필름,"['소니픽쳐스엔터테인먼트코리아주식회사극장배급지점', '(주)키다리이엔티']",20210428,개봉영화,장편,한국,956.0,83528.0,23481.0,드라마,전체관람가,일반영화,5.4,6.74,2021,04,2,1.0
"좋은 빛, 좋은 공기",임흥순,반달,['(주)엣나인필름'],20210428,개봉영화,장편,한국,62.0,1765.0,1251.0,다큐멘터리,12세이상관람가,독립/예술영화,7.0,7.41,2021,04,1,1.0
극장판 콩순이: 장난감나라 대모험,이선명,(주)모꼬지,['(주)넥스트엔터테인먼트월드(NEW)'],20210505,개봉영화,장편,한국,690.0,74592.0,12539.0,애니메이션,전체관람가,일반영화,6.0,8.84,2021,05,1,1.0
베르테르,조광하,(주)씨제이이엔엠,['CGV ICECON'],20210505,개봉영화,장편,한국,68.0,12646.0,4585.0,뮤지컬,12세이상관람가,일반영화,5.59,7.44,2021,05,1,1.0
아이들은 즐겁다,이지원,(주)영화사울림,"['메가박스중앙(주)플러스엠', '(주)영화사울림']",20210505,개봉영화,장편,한국,445.0,18163.0,5986.0,드라마,전체관람가,독립/예술영화,6.6,9.36,2021,05,2,1.0
학교 가는 길,김정인,(주)마로스튜디오,['(주)영화사 진진'],20210505,개봉영화,장편,한국,90.0,13530.0,8169.0,다큐멘터리,12세이상관람가,독립/예술영화,5.59,7.44,2021,05,1,1.0
내겐 너무 소중한 너,"이창원,권성모",(주)파인스토리,['(주)파인스토리'],20210512,개봉영화,장편,한국,449.0,22342.0,4765.0,드라마,12세이상관람가,독립/예술영화,5.0,9.24,2021,05,1,1.0
아들의 이름으로,이정국,영화사 혼,['(주)엣나인필름'],20210512,개봉영화,장편,한국,423.0,23431.0,7528.0,드라마,12세이상관람가,독립/예술영화,5.0,6.58,2021,05,1,1.0
"2021 스웨그 에이지 : 외쳐, 조선!","우진하,곽기영",(주)피엘종합기획,['(주)위즈온센'],20210513,개봉영화,장편,한국,34.0,3371.0,2107.0,뮤지컬,12세이상관람가,일반영화,5.59,8.32,2021,05,1,1.0
범털 2: 쩐의 전쟁,강태호,(주)피터팬픽쳐스,['(주)피터팬픽쳐스'],20210513,개봉영화,장편,한국,30.0,3783.0,2269.0,범죄,15세이상관람가,일반영화,5.59,4.73,2021,05,1,1.0
스쿨 오브 락(樂),강호준,(주)콘텐츠나무,['(주)드림팩트엔터테인먼트'],20210513,개봉영화,장편,한국,7.0,324.0,251.0,다큐멘터리,전체관람가,독립/예술영화,5.59,8.8,2021,05,1,0.0
소리에 놀라지 않는 사자처럼,윤성준,스튜디오 에이에이,['(주)드림팩트엔터테인먼트'],20210519,개봉영화,장편,한국,8.0,130.0,23.0,다큐멘터리,전체관람가,일반영화,5.0,6.44,2021,05,1,0.0
혼자 사는 사람들,홍성은,한국영화아카데미,['주식회사 더쿱'],20210519,개봉영화,장편,한국,159.0,10517.0,5822.0,드라마,12세이상관람가,독립/예술영화,6.71,8.08,2021,05,1,1.0
신비아파트 뮤지컬 시즌3 : 뱀파이어왕의 비밀,김종해,(주)씨제이이엔엠,['(주)씨제이이엔엠'],20210522,개봉영화,장편,한국,55.0,2325.0,414.0,공연,전체관람가,일반영화,5.59,7.44,2021,05,1,1.0
아르코 라이브 뮤지컬 인사이드 윌리엄,감독명 누락,한국문화예술위원회,['(주)아이디어랩'],20210526,개봉영화,장편,한국,14.0,751.0,493.0,공연,전체관람가,일반영화,5.59,7.44,2021,05,1,0.0
파이프라인,유하,(주)곰픽쳐스,"['메가박스중앙(주)플러스엠', '(주)리틀빅픽쳐스']",20210526,개봉영화,장편,한국,777.0,96293.0,26416.0,범죄,15세이상관람가,일반영화,5.0,6.16,2021,05,2,1.0
인트로덕션,홍상수,(주)영화제작전원사,"['(주)영화제작전원사 ', '(주)콘텐츠판다']",20210527,개봉영화,장편,한국,91.0,2651.0,1837.0,기타,12세이상관람가,독립/예술영화,7.67,7.23,2021,05,2,1.0
네가 내가 되었으면 좋겠다,김충길,주식회사 씨엠닉스,['주식회사 씨엠닉스'],20210601,개봉영화,장편,한국,1.0,280.0,41.0,기타,12세이상관람가,독립/예술영화,2.0,8.11,2021,06,1,0.0
전주에서 길을 묻다,진승현,(주)진진엔터테인먼트필름,['주식회사 씨엠닉스'],20210601,개봉영화,장편,한국,1.0,360.0,124.0,드라마,12세이상관람가,독립/예술영화,5.59,7.55,2021,06,1,0.0
까치발,권우정,다큐이야기,['(주)시네마달'],20210603,개봉영화,장편,한국,27.0,975.0,559.0,다큐멘터리,12세이상관람가,독립/예술영화,6.25,8.19,2021,06,1,1.0
포겟 미 낫-엄마에게 쓰는 편지,신선희,(주)민치앤필름,['커넥트픽쳐스(주)'],20210603,개봉영화,장편,한국,33.0,878.0,664.0,다큐멘터리,12세이상관람가,독립/예술영화,7.0,8.33,2021,06,1,0.0
B급 청춘,민채연,유한회사 영화사 반딧불,['유한회사 영화사 반딧불'],20210616,개봉영화,장편,한국,5.0,18.0,1.0,드라마,15세이상관람가,독립/예술영화,5.59,5.75,2021,06,1,0.0
"식물카페, 온정",최창환,매치컷(주),['매치컷(주)'],20210624,개봉영화,장편,한국,19.0,410.0,219.0,기타,전체관람가,독립/예술영화,5.17,6.82,2021,06,1,0.0
열아홉,우경희,K'arts,['(주)리틀빅픽쳐스'],20210630,개봉영화,장편,한국,26.0,310.0,249.0,드라마,15세이상관람가,독립/예술영화,5.29,7.31,2021,06,1,0.0
우리는 매일매일,강유가람,영희야 놀자,['㈜인디스토리'],20210630,개봉영화,장편,한국,30.0,468.0,429.0,다큐멘터리,12세이상관람가,독립/예술영화,6.33,7.95,2021,06,1,0.0
저승보다 낯선,여균동,우사유필름,['(주)스튜디오 보난자'],20210630,개봉영화,장편,한국,9.0,58.0,50.0,드라마,15세이상관람가,독립/예술영화,5.0,8.75,2021,06,1,0.0
좀비크러쉬: 헤이리,장현상,GATE6,['필름다빈'],20210630,개봉영화,장편,한국,23.0,171.0,135.0,코미디,15세이상관람가,독립/예술영화,4.67,4.88,2021,06,1,0.0
마네킹,김문옥,스마일픽쳐스,['스마일픽쳐스'],2021-07-,개봉영화,장편,한국,1.0,46.0,46.0,공포(호러),15세이상관람가,독립/예술영화,5.59,7.44,2021,07,1,0.0
보통날,"김예나,박규은,이미소",주식회사 씨엠닉스,['주식회사 씨엠닉스'],2021-07-,개봉영화,장편,한국,1.0,98.0,98.0,드라마,15세이상관람가,독립/예술영화,5.59,8.0,2021,07,1,0.0
샤먼 로드,최상진,강 컨텐츠,['강 컨텐츠'],2021-07-,개봉영화,장편,한국,5.0,884.0,407.0,다큐멘터리,12세이상관람가,독립/예술영화,5.59,9.58,2021,07,1,0.0
영면,"이승호,서오름,방성훈,이세영",주식회사 씨엠닉스,['주식회사 씨엠닉스'],2021-07-,개봉영화,장편,한국,1.0,57.0,57.0,드라마,12세이상관람가,독립/예술영화,5.59,8.5,2021,07,1,0.0
사랑인가 바,민채연,유한회사 영화사 반딧불,['유한회사 영화사 반딧불'],2021-08-,개봉영화,장편,한국,5.0,18.0,2.0,멜로/로맨스,12세이상관람가,독립/예술영화,5.59,7.44,2021,08,1,0.0
사제로부터 온 편지,최종태,(주)영화사소요,['(주)드림팩트엔터테인먼트'],2021-08-,개봉영화,장편,한국,4.0,118.0,19.0,다큐멘터리,전체관람가,독립/예술영화,5.0,8.36,2021,08,1,0.0
숏버스 감성행,"강인석,안다훈,박경진",(주)퍼니콘,"['언더식스티', '(주)퍼니콘']",2021-08-,개봉영화,옴니버스,한국,14.0,464.0,297.0,멜로/로맨스,12세이상관람가,독립/예술영화,5.59,8.3,2021,08,2,0.0
숲의 비명 : 사라진 사람들,전혜림,"(주)트리필름,(주)포레스트필름",['(주)트리필름'],2021-08-,개봉영화,장편,한국,6.0,171.0,106.0,공포(호러),15세이상관람가,독립/예술영화,5.59,3.92,2021,08,1,0.0
캐논볼,정승민,디포커스필름,['(주)이놀미디어'],2021-08-,개봉영화,장편,한국,12.0,349.0,282.0,드라마,12세이상관람가,독립/예술영화,6.0,8.11,2021,08,1,0.0
그대 너머에,박홍민,농부영화사,['농부영화사'],2021-09-,개봉영화,장편,한국,12.0,793.0,599.0,멜로/로맨스,전체관람가,독립/예술영화,6.75,7.96,2021,09,1,0.0
꿈꾸는 고양이,"지원,강민현",시네마 달래,['아이 엠'],2021-09-,개봉영화,장편,한국,19.0,628.0,292.0,다큐멘터리,전체관람가,독립/예술영화,5.4,9.86,2021,09,1,0.0
디스 아메리카노,권유주,주식회사 씨엠닉스,['주식회사 씨엠닉스'],2021-09-,개봉영화,장편,한국,1.0,22.0,22.0,드라마,15세이상관람가,독립/예술영화,4.0,8.43,2021,09,1,0.0
묵향,정구호,(주)케빈앤컴퍼니,['(주)케빈앤컴퍼니'],2021-09-,개봉영화,장편,한국,14.0,242.0,143.0,공연,전체관람가,일반영화,5.59,8.33,2021,09,1,0.0
숏버스 기묘행,"현명우,유정수,김지산,이용섭,전윤수,오현도",(주)퍼니콘,"['언더식스티', '(주)퍼니콘']",2021-09-,개봉영화,옴니버스,한국,15.0,72.0,44.0,미스터리,15세이상관람가,독립/예술영화,5.59,9.14,2021,09,2,0.0
창극 패왕별희,우싱궈,(주)케빈앤컴퍼니,['(주)케빈앤컴퍼니'],2021-09-,개봉영화,장편,한국,15.0,170.0,92.0,공연,전체관람가,일반영화,5.59,7.75,2021,09,1,0.0
뫼비우스,"김영,황형근,최영주,이소연",주식회사 씨엠닉스,['주식회사 씨엠닉스'],2021-10-,개봉영화,옴니버스,한국,1.0,734.0,734.0,드라마,12세이상관람가,독립/예술영화,5.59,6.5,2021,10,1,0.0
바람아 안개를 걷어가다오,신동민,(주)모쿠슈라,['(주)모쿠슈라'],2021-10-,개봉영화,장편,한국,22.0,410.0,345.0,드라마,12세이상관람가,독립/예술영화,6.5,7.75,2021,10,1,0.0
보는 것을 사랑한다,윤기형,고양이구름 필름,['(주)드림팩트엔터테인먼트'],2021-10-,개봉영화,장편,한국,8.0,265.0,109.0,다큐멘터리,전체관람가,독립/예술영화,5.67,9.0,2021,10,1,0.0
사상,박배일,오지필름,['(주)시네마달'],2021-10-,개봉영화,장편,한국,16.0,623.0,513.0,다큐멘터리,12세이상관람가,독립/예술영화,6.2,6.8,2021,10,1,0.0
숏버스 섬뜩행,"강다연,전민혁,김상규,임의준",(주)퍼니콘,"['언더식스티', '(주)퍼니콘']",2021-10-,개봉영화,옴니버스,한국,13.0,187.0,98.0,드라마,15세이상관람가,독립/예술영화,5.0,7.38,2021,10,2,0.0
양방언과 국립국악관현악단-인투 더 라이트,양방언,"문화체육관광부 국립극장,국립국악관현악단",['(주)케빈앤컴퍼니'],2021-10-,개봉영화,장편,한국,12.0,52.0,28.0,공연,전체관람가,일반영화,5.59,7.44,2021,10,1,0.0
울림의 탄생,이정준,스튜디오 홍시,['영화배급협동조합 씨네소파'],2021-10-,개봉영화,장편,한국,7.0,405.0,157.0,다큐멘터리,전체관람가,독립/예술영화,6.0,9.18,2021,10,1,0.0
피치 오브 타임 극장판,장의순,"실크우드,(주)리틀빅픽쳐스","['한양제작소', '(주)리틀빅픽쳐스']",2021-10-,개봉영화,장편,한국,5.0,158.0,146.0,멜로/로맨스,12세이상관람가,일반영화,3.0,7.35,2021,10,2,0.0
1984 최동원,조은성,"(주)영화사진,엠앤씨에프",['(주)트리플픽쳐스'],2021-11-,개봉영화,장편,한국,172.0,316.0,147.0,다큐멘터리,전체관람가,독립/예술영화,6.0,8.93,2021,11,1,0.0
로또쉐어,소재익,(주)지티지그룹,['와이드 릴리즈(주)'],2021-11-,개봉영화,장편,한국,20.0,687.0,365.0,스릴러,15세이상관람가,일반영화,3.0,5.44,2021,11,1,0.0
무녀도,안재훈,(주)연필로명상하기,['(주)씨네필운'],2021-11-,개봉영화,장편,한국,49.0,467.0,199.0,뮤지컬,12세이상관람가,일반영화,6.5,9.0,2021,11,1,0.0
보조바퀴,이주예,주식회사 필름초이스,['주식회사 필름초이스'],2021-11-,개봉영화,장편,한국,1.0,49.0,35.0,드라마,전체관람가,독립/예술영화,6.0,8.25,2021,11,1,0.0
숏버스 감독행,"최진영,현승휘,서정미,김건휘,이상빈",(주)퍼니콘,"['언더식스티', '(주)퍼니콘']",2021-11-,개봉영화,옴니버스,한국,14.0,121.0,93.0,드라마,15세이상관람가,독립/예술영화,5.59,9.15,2021,11,2,0.0
아워 미드나잇,임정은,화목한영화사,['필름다빈'],2021-11-,개봉영화,장편,한국,50.0,667.0,274.0,드라마,12세이상관람가,독립/예술영화,6.5,8.0,2021,11,1,0.0
왕십리 김종분,김진열,㈜인디스토리,['㈜인디스토리'],2021-11-,개봉영화,장편,한국,32.0,770.0,603.0,다큐멘터리,12세이상관람가,독립/예술영화,6.29,9.18,2021,11,1,0.0
핫 블러드,신재명,(주)하늬바람,['(주)제이앤씨미디어그룹'],2021-11-,개봉영화,장편,한국,52.0,48.0,4.0,액션,15세이상관람가,독립/예술영화,5.59,7.24,2021,11,1,0.0
기억의 시간,황경성,(주)컨택트미디어,['(주)컨택트미디어'],2021-12-,개봉영화,장편,한국,6.0,445.0,288.0,멜로/로맨스,12세이상관람가,일반영화,5.59,7.6,2021,12,1,0.0
기우제,권하,묘명동화,['(주)에스와이코마드'],2021-12-,개봉영화,장편,한국,4.0,256.0,221.0,드라마,15세이상관람가,독립/예술영화,5.59,9.13,2021,12,1,0.0
긴 하루,조성규,(주)와우,['하준사'],2021-12-,개봉영화,장편,한국,12.0,149.0,118.0,드라마,12세이상관람가,독립/예술영화,4.0,5.5,2021,12,1,0.0
꽃손,권순중,씨엠지초록별,['(주)에스와이코마드'],2021-12-,개봉영화,장편,한국,5.0,330.0,326.0,드라마,전체관람가,독립/예술영화,5.59,6.0,2021,12,1,0.0
사막을 건너 호수를 지나,"박소현,송영윤",보리와 메루,['영화배급협동조합 씨네소파'],2021-12-,개봉영화,장편,한국,12.0,204.0,127.0,다큐멘터리,전체관람가,독립/예술영화,5.0,8.0,2021,12,1,0.0
숏버스 배우행,"이건휘,김내리,황지현,서태범,황재필,김효준",서울국제초단편영화제,"['언더식스티', '(주)퍼니콘']",2021-12-,개봉영화,옴니버스,한국,16.0,171.0,93.0,드라마,12세이상관람가,독립/예술영화,5.59,8.92,2021,12,2,0.0
우리는 이별에 서툴러서,"이현지,이건욱,박동기,민병채",주식회사 씨엠닉스,['주식회사 씨엠닉스'],2021-12-,개봉영화,장편,한국,3.0,244.0,138.0,드라마,12세이상관람가,독립/예술영화,5.59,7.0,2021,12,1,0.0
이상존재,차진우,"(주)아크메,(주)드림팩트엔터테인먼트",['(주)드림팩트엔터테인먼트'],2021-12-,개봉영화,장편,한국,53.0,349.0,55.0,공포(호러),15세이상관람가,독립/예술영화,4.0,4.22,2021,12,1,0.0
총을 들지 않는 사람들: 금기에 도전,김환태,다큐이야기,['(주)스튜디오 보난자'],2021-12-,개봉영화,장편,한국,9.0,451.0,369.0,다큐멘터리,12세이상관람가,독립/예술영화,8.0,5.92,2021,12,1,0.0
타이거마스크,염정원,"(주)그노스,(주)파이브데이,꿀잼컴퍼니(주)","['(주)그노스', '(주)다날엔터테인먼트']",2021-12-,개봉영화,장편,한국,36.0,190.0,33.0,코미디,12세이상관람가,일반영화,5.59,5.15,2021,12,2,0.0
걸 위드 더 카메라,안희수,제작사 미상,['(주)영화사 그램'],2022-01-,개봉영화,장편,한국,11.0,330.0,269.0,다큐멘터리,12세이상관람가,독립/예술영화,5.25,9.78,2022,01,1,0.0
"천년의 노래, 리버스",성유진,문화체육관광부 국립극장,['(주)이놀미디어'],2022-01-,개봉영화,장편,한국,10.0,349.0,238.0,공연,전체관람가,일반영화,5.59,10.0,2022,01,1,0.0
트로트는 인생이다,투케이,㈜드림스테이션,['시네마 뉴원'],2022-01-,개봉영화,장편,한국,8.0,122.0,78.0,코미디,15세이상관람가,독립/예술영화,3.0,6.88,2022,01,1,0.0
효자,이훈국,"영화사 틈,(주)모그픽쳐스",['(주)드림팩트엔터테인먼트'],2022-01-,개봉영화,장편,한국,16.0,630.0,482.0,코미디,15세이상관람가,독립/예술영화,5.59,9.13,2022,01,1,0.0
대한민국 대통령,배상국,(주)바보들,['(주)라이크콘텐츠'],2022-02-,개봉영화,장편,한국,22.0,431.0,256.0,다큐멘터리,전체관람가,독립/예술영화,4.83,7.87,2022,02,1,0.0
미인,홍태선,"필름에이픽쳐스,한국영상대학교",['필름에이픽쳐스'],2022-02-,개봉영화,장편,한국,5.0,275.0,133.0,다큐멘터리,전체관람가,독립/예술영화,4.0,6.75,2022,02,1,0.0
보드랍게,박문칠,(사)정신대할머니와함께하는시민모임,['(주)인디플러그'],2022-02-,개봉영화,장편,한국,20.0,944.0,725.0,다큐멘터리,전체관람가,독립/예술영화,6.4,9.25,2022,02,1,1.0
온 세상이 하얗다,김지석,(주)소셜프로덕션,['(주)트리플픽쳐스'],2022-02-,개봉영화,장편,한국,18.0,605.0,398.0,멜로/로맨스,15세이상관람가,독립/예술영화,6.0,8.38,2022,02,1,0.0
창극 변강쇠 점 찍고 옹녀,고선웅,문화체육관광부 국립극장,['(주)이놀미디어'],2022-02-,개봉영화,장편,한국,13.0,368.0,207.0,공연,15세이상관람가,일반영화,5.59,6.2,2022,02,1,0.0
축복의 집,박희권,(주)고앤고필름,['필름다빈'],2022-02-,개봉영화,장편,한국,17.0,854.0,604.0,가족,12세이상관람가,독립/예술영화,6.5,7.75,2022,02,1,0.0
가무악칠채,"손인영,이재화",문화체육관광부 국립극장,['(주)케빈앤컴퍼니'],2022-03-,개봉영화,장편,한국,10.0,337.0,269.0,공연,전체관람가,일반영화,5.59,10.0,2022,03,1,0.0
곡녀,정인철,대성필름,['시네마 뉴원'],2022-03-,개봉영화,장편,한국,7.0,110.0,103.0,드라마,12세이상관람가,독립/예술영화,1.0,6.4,2022,03,1,0.0
아이돌레시피,이호성,주식회사 스태프이데아,['(주)드림팩트엔터테인먼트'],2022-03-,개봉영화,장편,한국,11.0,140.0,68.0,코미디,15세이상관람가,독립/예술영화,5.59,6.84,2022,03,1,0.0
역할들,연송하,쉼표,['쉼표'],2022-03-,개봉영화,장편,한국,5.0,216.0,210.0,드라마,12세이상관람가,독립/예술영화,5.59,9.07,2022,03,1,0.0
테이블 매너,박장운,영화사 새삶,['주식회사 씨엠닉스'],2022-03-,개봉영화,장편,한국,4.0,116.0,18.0,드라마,15세이상관람가,독립/예술영화,5.59,6.33,2022,03,1,0.0
하로동선,김시우,(주)나인테일즈코리아,['주식회사 블루필름웍스'],2022-03-,개봉영화,장편,한국,23.0,546.0,216.0,드라마,15세이상관람가,독립/예술영화,3.0,7.67,2022,03,1,0.0
3.5교시,유희정,(주)써니엔터테인먼트,['(주)드림팩트엔터테인먼트'],2022-04-,개봉영화,장편,한국,6.0,1.0,1.0,미스터리,12세이상관람가,독립/예술영화,5.59,5.89,2022,04,1,0.0
불도저에 탄 소녀,박이웅,(주)고집스튜디오,['트윈플러스파트너스(주)'],2022-04-,개봉영화,장편,한국,203.0,130.0,30.0,드라마,15세이상관람가,독립/예술영화,5.5,7.2,2022,04,1,0.0
태어나길 잘했어,최진영,대장정,['그린나래미디어(주)'],2022-04-,개봉영화,장편,한국,50.0,715.0,399.0,드라마,12세이상관람가,독립/예술영화,5.67,8.13,2022,04,1,0.0
평평남녀,김수정,"브릿지 프로덕션,냉이영화",['영화배급협동조합 씨네소파'],2022-04-,개봉영화,장편,한국,30.0,596.0,280.0,드라마,12세이상관람가,독립/예술영화,5.5,5.8,2022,04,1,0.0
헝거,강다연,영화사 케디필름,"['(주)디오시네마', '(주)태양미디어그룹']",2022-04-,개봉영화,장편,한국,20.0,160.0,57.0,SF,12세이상관람가,독립/예술영화,5.5,6.67,2022,04,2,0.0
마지막부자 최준,장태령,주식회사 케이엠스타,['주식회사 케이엠스타'],2022-05-,개봉영화,장편,한국,1.0,220.0,220.0,드라마,12세이상관람가,일반영화,5.59,7.44,2022,05,1,0.0
명색이 아프레걸,김광보,문화체육관광부 국립극장,['(주)케빈앤컴퍼니'],2022-05-,개봉영화,장편,한국,9.0,81.0,50.0,공연,전체관람가,일반영화,5.59,10.0,2022,05,1,0.0
쏴!쏴!쏴!쏴!탕,김재한,상남영화제작소,['상남영화제작소'],2022-05-,개봉영화,장편,한국,3.0,223.0,22.0,드라마,12세이상관람가,독립/예술영화,5.59,5.89,2022,05,1,0.0
액션동자,최영민,수리수리마수리,['(주)드림팩트엔터테인먼트'],2022-05-,개봉영화,장편,한국,9.0,374.0,240.0,액션,전체관람가,독립/예술영화,5.0,8.73,2022,05,1,0.0
영희,차상민,주식회사 씨엠닉스,['주식회사 씨엠닉스'],2022-05-,개봉영화,장편,한국,4.0,578.0,24.0,코미디,15세이상관람가,독립/예술영화,5.59,6.47,2022,05,1,0.0
인연을 긋다,이정섭,(주)해오름이앤티,['시네마 뉴원'],2022-05-,개봉영화,장편,한국,12.0,280.0,245.0,드라마,12세이상관람가,일반영화,6.0,6.22,2022,05,1,0.0
"허황옥 3일, 잃어버린 2천 년의 기억",진재운,(주)KNN,['(주)영화사 그램'],2022-05-,개봉영화,장편,한국,21.0,783.0,265.0,다큐멘터리,전체관람가,독립/예술영화,6.0,6.0,2022,05,1,0.0
#해시태그,이상식,(주)더존크리에이티브,['(주)더존크리에이티브'],2022-06-,개봉영화,장편,한국,8.0,173.0,118.0,공연,12세이상관람가,일반영화,5.59,7.44,2022,06,1,0.0
갓길로 달리는 코뿔소,황동석,"A18픽쳐스,(주)26컴퍼니",['(주)26컴퍼니'],2022-06-,개봉영화,장편,한국,6.0,365.0,185.0,드라마,15세이상관람가,독립/예술영화,6.0,9.38,2022,06,1,0.0
"괴물, 유령, 자유인",홍지영,제작사 미상,['(주)스튜디오 보난자'],2022-06-,개봉영화,장편,한국,13.0,551.0,469.0,SF,15세이상관람가,독립/예술영화,5.59,7.26,2022,06,1,0.0
그대라는기억 연숙씨,심미희,드림채널,"['(주)드림팩트엔터테인먼트', '주식회사 블루필름웍스']",2022-06-,개봉영화,장편,한국,20.0,794.0,443.0,다큐멘터리,전체관람가,독립/예술영화,5.0,9.16,2022,06,2,0.0
꼭두각시,이상식,(주)더존크리에이티브,['(주)더존크리에이티브'],2022-06-,개봉영화,장편,한국,6.0,36.0,24.0,공연,12세이상관람가,일반영화,5.59,7.44,2022,06,1,0.0
대가리2-학교무림,이수성,㈜리필름,['(주)케이알씨지'],2022-06-,개봉영화,장편,한국,1.0,1.0,1.0,액션,15세이상관람가,일반영화,5.59,4.07,2022,06,1,0.0
대가리3-일진후배들,이수성,㈜리필름,['(주)케이알씨지'],2022-06-,개봉영화,장편,한국,1.0,1.0,1.0,액션,15세이상관람가,일반영화,5.59,7.44,2022,06,1,0.0
두개의 눈,박우재,문화체육관광부 국립극장,['(주)이놀미디어'],2022-06-,개봉영화,장편,한국,9.0,205.0,182.0,공연,전체관람가,일반영화,5.59,5.5,2022,06,1,0.0
보통의 용기,구민정,KBS,['(주)드림팩트엔터테인먼트'],2022-06-,개봉영화,장편,한국,7.0,163.0,159.0,다큐멘터리,전체관람가,일반영화,6.0,8.48,2022,06,1,0.0
아부쟁이,황승재,(주)해오름이앤티,['시네마 뉴원'],2022-06-,개봉영화,장편,한국,41.0,896.0,411.0,액션,15세이상관람가,일반영화,5.59,5.89,2022,06,1,0.0
우스운게 딱! 좋아!,"김현,정혜연",제작사 미상,['필름다빈'],2022-06-,개봉영화,옴니버스,한국,14.0,658.0,563.0,드라마,15세이상관람가,독립/예술영화,6.0,7.26,2022,06,1,0.0
이상한 나라의 아빠,이상식,(주)더존크리에이티브,['(주)더존크리에이티브'],2022-06-,개봉영화,장편,한국,9.0,217.0,122.0,뮤지컬,전체관람가,일반영화,5.59,7.44,2022,06,1,0.0
스파이형 모델,김영일,워스트케이스 시나리오,['주식회사 씨엠닉스'],2022-07-,개봉영화,장편,한국,3.0,111.0,58.0,SF,15세이상관람가,독립/예술영화,5.59,7.0,2022,07,1,0.0
내가 못 나가는 것도 아닌데,김충길,김충길 필름,['김충길 필름'],2022-08-,개봉영화,장편,한국,4.0,48.0,27.0,드라마,12세이상관람가,독립/예술영화,5.59,7.82,2022,08,1,0.0
오싹한 동거,황경성,(주)컨택트미디어,['(주)컨택트미디어'],2022-08-,개봉영화,장편,한국,5.0,542.0,481.0,멜로/로맨스,12세이상관람가,일반영화,5.59,7.44,2022,08,1,0.0
인플루엔자,황준하,아이 엠,['아이 엠'],2022-08-,개봉영화,장편,한국,15.0,534.0,414.0,드라마,15세이상관람가,독립/예술영화,5.5,6.91,2022,08,1,0.0
작은새와 돼지씨,김새봄,레드펀트,['필름다빈'],2022-08-,개봉영화,장편,한국,9.0,525.0,416.0,다큐멘터리,전체관람가,독립/예술영화,5.8,9.2,2022,08,1,0.0
콘서트를 지켜라,"이미리,설민아",(주)캐리소프트,['롯데컬처웍스(주)롯데엔터테인먼트'],2022-08-,개봉영화,장편,한국,19.0,710.0,460.0,공연,전체관람가,일반영화,5.59,7.0,2022,08,1,0.0
테이크 오프: 파도위에 서다,강대희,"데이 나이트 컴퍼니,(주)프레임픽쳐스",['(주)아우라픽처스'],2022-08-,개봉영화,장편,한국,4.0,169.0,151.0,드라마,12세이상관람가,독립/예술영화,5.0,7.54,2022,08,1,0.0
투란도트 어둠의 왕국,김시우,(주)나인테일즈코리아,['주식회사 블루필름웍스'],2022-08-,개봉영화,장편,한국,18.0,966.0,197.0,뮤지컬,12세이상관람가,일반영화,5.0,9.44,2022,08,1,1.0
2차 송환,김동원,푸른영상,['(주)시네마달'],2022-09-,개봉영화,장편,한국,16.0,415.0,373.0,다큐멘터리,12세이상관람가,독립/예술영화,8.2,6.44,2022,09,1,0.0
EBS친구들 씽씽 댄스파티,감독명 누락,한국교육방송공사 EBS,['(주)에픽캔'],2022-09-,개봉영화,장편,한국,1.0,60.0,22.0,가족,전체관람가,일반영화,5.59,7.44,2022,09,1,0.0
당신의 이웃은 친절하지 않다,안드로,(주)빅픽처,['주식회사 씨엠닉스'],2022-09-,개봉영화,장편,한국,9.0,395.0,250.0,미스터리,15세이상관람가,독립/예술영화,5.59,7.47,2022,09,1,0.0
부적: 남의 운을 빼앗는 자,김세성,머지션스토어,['(주)트리플픽쳐스'],2022-09-,개봉영화,장편,한국,6.0,662.0,336.0,액션,12세이상관람가,독립/예술영화,5.59,8.84,2022,09,1,0.0
주연,송원준,영화사 퐑,['(주)마노엔터테인먼트'],2022-09-,개봉영화,장편,한국,20.0,363.0,302.0,드라마,12세이상관람가,독립/예술영화,5.59,8.04,2022,09,1,0.0
